郵遞區號,城市,人口數,客戶數量,客戶滲透率 (%)
90263,Malibu,11,5,45.45454545454545
90071,Los Angeles,21,5,23.809523809523807
95937,Dunnigan,19,4,21.052631578947366
95232,Glencoe,21,4,19.047619047619047
95735,Twin Bridges,25,4,16.0
95225,Burson,27,4,14.814814814814813
95978,Stirling City,28,4,14.285714285714285
92338,Ludlow,23,3,13.043478260869565
95736,Weimar,31,4,12.903225806451612
92304,Amboy,42,5,11.904761904761903
91759,Mt Baldy,47,5,10.638297872340425
95140,Mount Hamilton,38,4,10.526315789473683
93634,Lakeshore,52,4,7.6923076923076925
95312,Cressey,55,4,7.2727272727272725
93262,Sequoia National Park,56,4,7.142857142857142
93522,Darwin,64,4,6.25
94972,Valley Ford,66,4,6.0606060606060606
95721,Echo Lake,69,4,5.797101449275362
93530,Keeler,71,4,5.633802816901409
96132,Termo,72,4,5.555555555555555
91980,Tecate,91,5,5.4945054945054945
95984,Twain,73,4,5.47945205479452
95974,Richvale,74,4,5.405405405405405
95226,Campo Seco,75,4,5.333333333333334
95944,Goodyears Bar,76,4,5.263157894736842
93623,Fish Camp,77,4,5.194805194805195
95041,Mount Hermon,77,4,5.194805194805195
96061,Mill Creek,78,4,5.128205128205128
91948,Mount Laguna,81,4,4.938271604938271
96123,Ravendale,61,3,4.918032786885246
95545,Honeydew,82,4,4.878048780487805
96029,Flournoy,84,4,4.761904761904762
96119,Madeline,85,4,4.705882352941177
95923,Canyon Dam,86,4,4.651162790697675
92384,Shoshone,87,4,4.597701149425287
96106,Clio,88,4,4.545454545454546
96085,Scott Bar,88,4,4.545454545454546
95728,Soda Springs,88,4,4.545454545454546
95250,Sheep Ranch,88,4,4.545454545454546
93287,Woody,88,4,4.545454545454546
95429,Dos Rios,91,4,4.395604395604396
93628,Hume,93,4,4.301075268817205
95981,Strawberry Valley,101,4,3.9603960396039604
92332,Essex,115,4,3.4782608695652173
95224,Avery,115,4,3.4782608695652173
93554,Randsburg,117,4,3.418803418803419
95910,Alleghany,118,4,3.389830508474576
96063,Mineral,124,4,3.225806451612903
95325,Hornitos,128,4,3.125
95646,Kirkwood,129,4,3.10077519379845
92267,Parker Dam,131,4,3.0534351145038165
96110,Eagleville,132,4,3.0303030303030303
94512,Birds Landing,138,4,2.898550724637681
96108,Davis Creek,104,3,2.8846153846153846
90743,Surfside,174,5,2.8735632183908044
95986,Washington,145,4,2.7586206896551726
94021,Loma Mar,148,4,2.7027027027027026
95463,Navarro,148,4,2.7027027027027026
93627,Helm,152,4,2.631578947368421
96133,Topaz,116,3,2.586206896551724
95550,Korbel,155,4,2.5806451612903225
94592,Vallejo,159,4,2.515723270440252
92364,Nipton,162,4,2.4691358024691357
96136,Wendel,162,4,2.4691358024691357
95559,Phillipsville,163,4,2.4539877300613497
95305,Big Oak Flat,167,4,2.3952095808383236
96031,Forks Of Salmon,170,4,2.3529411764705883
95625,Elmira,171,4,2.3391812865497075
94569,Port Costa,173,4,2.312138728323699
93645,O Neals,173,4,2.312138728323699
95443,Glenhaven,175,4,2.2857142857142856
95417,Branscomb,176,4,2.272727272727273
95934,Crescent Mills,178,4,2.247191011235955
96071,Old Station,182,4,2.197802197802198
95720,Kyburz,183,4,2.185792349726776
95715,Emigrant Gap,185,4,2.1621621621621623
95430,Duncans Mills,187,4,2.13903743315508
93208,Camp Nelson,191,4,2.094240837696335
95514,Blocksburg,199,4,2.0100502512562812
95587,Piercy,200,4,2.0
95568,Somes Bar,202,4,1.9801980198019802
93429,Casmalia,210,4,1.9047619047619049
95639,Hood,213,4,1.8779342723004695
96076,Platina,215,4,1.8604651162790697
95601,Amador City,222,4,1.8018018018018018
94576,Deer Park,223,4,1.7937219730941705
93207,California Hot Springs,226,4,1.7699115044247788
96126,Sierraville,227,4,1.762114537444934
95637,Guinda,228,4,1.7543859649122806
95537,Fields Landing,228,4,1.7543859649122806
96017,Castella,228,4,1.7543859649122806
92266,Palo Verde,291,5,1.718213058419244
95364,Pinecrest,235,4,1.702127659574468
93276,Tupman,236,4,1.694915254237288
96068,Nubieber,240,4,1.6666666666666667
95493,Witter Springs,240,4,1.6666666666666667
94950,Olema,248,4,1.6129032258064515
93928,Jolon,254,4,1.574803149606299
95595,Zenia,259,4,1.5444015444015444
95511,Alderpoint,261,4,1.532567049808429
95607,Capay,262,4,1.5267175572519083
95925,Challenge,262,4,1.5267175572519083
96074,Paskenta,263,4,1.520912547528517
95837,Sacramento,264,4,1.5151515151515151
95549,Kneeland,264,4,1.5151515151515151
95552,Mad River,265,4,1.509433962264151
96011,Big Bend,265,4,1.509433962264151
93652,Raisin City,265,4,1.509433962264151
93260,Posey,266,4,1.5037593984962405
96046,Hyampom,268,4,1.4925373134328357
96010,Big Bar,269,4,1.486988847583643
95571,Weott,270,4,1.4814814814814816
93603,Badger,273,4,1.465201465201465
93605,Big Creek,273,4,1.465201465201465
95385,Vernalis,274,4,1.4598540145985401
95930,Clipper Mills,282,4,1.4184397163120568
92268,Pioneertown,354,5,1.4124293785310735
96014,Callahan,290,4,1.3793103448275863
94074,San Gregorio,291,4,1.3745704467353952
93244,Lemon Cove,293,4,1.3651877133105803
96037,Greenview,295,4,1.3559322033898304
93226,Glennville,296,4,1.3513513513513513
95471,Rio Nido,298,4,1.342281879194631
95742,Rancho Cordova,299,4,1.3377926421404682
95558,Petrolia,300,4,1.3333333333333335
92305,Angelus Oaks,301,4,1.3289036544850499
95956,Meadow Valley,301,4,1.3289036544850499
93251,Mc Kittrick,302,4,1.3245033112582782
95920,Butte City,303,4,1.3201320132013201
95254,Wallace,304,4,1.3157894736842104
93666,Sultana,306,4,1.3071895424836601
96112,Fort Bidwell,231,3,1.2987012987012987
95488,Westport,309,4,1.2944983818770228
92060,Palomar Mountain,234,3,1.282051282051282
93549,Olancha,318,4,1.257861635220126
95585,Leggett,321,4,1.2461059190031152
96124,Calpine,322,4,1.2422360248447204
93669,Wishon,327,4,1.2232415902140672
94929,Dillon Beach,330,4,1.2121212121212122
95420,Caspar,333,4,1.2012012012012012
95233,Hathaway Pines,335,4,1.1940298507462688
95494,Yorkville,335,4,1.1940298507462688
92066,Ranchita,339,4,1.1799410029498525
93512,Benton,340,4,1.1764705882352942
90822,Long Beach,425,5,1.1764705882352942
93665,South Dos Palos,343,4,1.1661807580174928
96016,Cassel,344,4,1.1627906976744187
96125,Sierra City,348,4,1.1494252873563218
95714,Dutch Flat,350,4,1.1428571428571428
92694,Ladera Ranch,350,4,1.1428571428571428
95675,River Pines,364,4,1.098901098901099
96116,Likely,277,3,1.083032490974729
95427,Comptche,371,4,1.078167115902965
96033,French Gulch,373,4,1.0723860589812333
95606,Brooks,382,4,1.0471204188481675
95432,Elk,383,4,1.0443864229765014
94971,Tomales,384,4,1.0416666666666665
94104,San Francisco,384,4,1.0416666666666665
96117,Litchfield,385,4,1.0389610389610389
96054,Lookout,386,4,1.0362694300518136
95444,Graton,390,4,1.0256410256410255
96034,Gazelle,392,4,1.0204081632653061
95564,Samoa,395,4,1.0126582278481013
96040,Hat Creek,397,4,1.0075566750629723
95569,Redcrest,400,4,1.0
95936,Downieville,404,4,0.9900990099009901
96090,Tehama,405,4,0.9876543209876543
94940,Marshall,406,4,0.9852216748768473
93962,Spreckels,407,4,0.9828009828009828
95717,Gold Run,407,4,0.9828009828009828
96128,Standish,408,4,0.9803921568627451
93563,Valyermo,413,4,0.9685230024213075
93528,Johannesburg,207,2,0.966183574879227
92333,Fawnskin,414,4,0.966183574879227
96015,Canby,417,4,0.9592326139088728
92341,Green Valley Lake,317,3,0.9463722397476341
96065,Montgomery Creek,431,4,0.9280742459396751
96075,Paynes Creek,433,4,0.9237875288683602
95345,Midpines,433,4,0.9237875288683602
95257,Wilseyville,435,4,0.9195402298850575
95450,Jenner,438,4,0.91324200913242
96086,Seiad Valley,332,3,0.9036144578313252
92328,Death Valley,443,4,0.9029345372460496
95941,Forbestown,452,4,0.8849557522123894
92321,Cedar Glen,455,4,0.8791208791208791
96084,Round Mountain,459,4,0.8714596949891068
95251,Vallecito,460,4,0.8695652173913043
93452,San Simeon,471,4,0.8492569002123143
92259,Ocotillo,471,4,0.8492569002123143
95439,Fulton,476,4,0.8403361344537815
96121,Milford,481,4,0.8316008316008316
96050,Klamath River,482,4,0.8298755186721992
95527,Burnt Ranch,485,4,0.8247422680412372
95651,Lotus,485,4,0.8247422680412372
94567,Pope Valley,494,4,0.8097165991902834
95555,Orick,494,4,0.8097165991902834
95970,Princeton,495,4,0.8080808080808081
93541,Lee Vining,504,4,0.7936507936507936
93621,Dunlap,506,4,0.7905138339920948
95983,Taylorsville,513,4,0.7797270955165692
93954,San Lucas,521,4,0.7677543186180422
95950,Grimes,531,4,0.7532956685499058
95543,Gasquet,532,4,0.7518796992481203
93932,Lockwood,538,4,0.7434944237918215
94963,San Geronimo,548,4,0.7299270072992701
95113,San Jose,561,4,0.7130124777183601
95960,North San Juan,565,4,0.7079646017699115
93641,Miramonte,571,4,0.7005253940455342
95556,Orleans,574,4,0.6968641114982579
93067,Summerland,576,4,0.6944444444444444
95318,El Portal,579,4,0.690846286701209
94922,Bodega,584,4,0.684931506849315
96092,Vina,439,3,0.683371298405467
95459,Manchester,586,4,0.6825938566552902
95939,Elk Creek,587,4,0.6814310051107325
95830,Sacramento,592,4,0.6756756756756757
96009,Bieber,595,4,0.6722689075630253
95230,Farmington,596,4,0.6711409395973155
96059,Manton,598,4,0.6688963210702341
94946,Nicasio,607,4,0.6589785831960462
93604,Bass Lake,613,4,0.6525285481239804
95935,Dobbins,614,4,0.6514657980456027
96006,Adin,615,4,0.6504065040650406
96038,Grenada,616,4,0.6493506493506493
93529,June Lake,618,4,0.6472491909385114
93224,Fellows,626,4,0.6389776357827476
95914,Bangor,626,4,0.6389776357827476
95922,Camptonville,632,4,0.6329113924050633
92275,Salton City,799,5,0.6257822277847309
93664,Shaver Lake,642,4,0.6230529595015576
95554,Myers Flat,644,4,0.6211180124223602
92282,White Water,805,5,0.6211180124223602
93673,Traver,646,4,0.6191950464396285
95618,Davis,648,4,0.6172839506172839
96105,Chilcoot,650,4,0.6153846153846154
95636,Grizzly Flats,659,4,0.6069802731411229
95563,Salyer,660,4,0.6060606060606061
93450,San Ardo,670,4,0.5970149253731344
96148,Tahoe Vista,678,4,0.5899705014749262
92327,Daggett,678,4,0.5899705014749262
95335,Long Barn,683,4,0.5856515373352855
95526,Bridgeville,695,4,0.5755395683453237
95615,Courtland,699,4,0.5722460658082975
96087,Shasta,528,3,0.5681818181818182
95227,Clements,722,4,0.554016620498615
91963,Potrero,905,5,0.5524861878453038
95431,Eldridge,363,2,0.5509641873278237
91917,Dulzura,727,4,0.5502063273727648
92258,North Palm Springs,732,4,0.546448087431694
96048,Junction City,734,4,0.544959128065395
96091,Trinity Center,734,4,0.544959128065395
93526,Independence,734,4,0.544959128065395
95412,Annapolis,747,4,0.535475234270415
95701,Alta,751,4,0.5326231691078562
95659,Nicolaus,751,4,0.5326231691078562
95497,The Sea Ranch,752,4,0.5319148936170213
92239,Desert Center,964,5,0.5186721991701244
95957,Meridian,776,4,0.5154639175257731
94970,Stinson Beach,781,4,0.5121638924455826
94586,Sunol,790,4,0.5063291139240507
91931,Guatay,796,4,0.5025125628140703
93254,New Cuyama,798,4,0.5012531328320802
93606,Biola,807,4,0.49566294919454773
95317,El Nido,808,4,0.49504950495049505
95303,Ballico,809,4,0.4944375772558714
93424,Avila Beach,812,4,0.49261083743842365
95043,Paicines,813,4,0.4920049200492005
96058,Macdoel,816,4,0.49019607843137253
94938,Lagunitas,821,4,0.48721071863580995
93218,Ducor,823,4,0.48602673147023084
93517,Bridgeport,826,4,0.48426150121065376
96069,Oak Run,829,4,0.48250904704463204
96062,Millville,830,4,0.48192771084337355
96096,Whitmore,843,4,0.4744958481613286
95979,Stonyford,844,4,0.47393364928909953
95653,Madison,844,4,0.47393364928909953
95629,Fiddletown,850,4,0.4705882352941176
92121,San Diego,4258,20,0.4697040864255519
95835,Sacramento,854,4,0.468384074941452
95017,Davenport,857,4,0.4667444574095682
96104,Cedarville,857,4,0.4667444574095682
95553,Miranda,867,4,0.461361014994233
95456,Little River,882,4,0.45351473922902497
90742,Sunset Beach,1107,5,0.45167118337850043
95039,Moss Landing,899,4,0.44493882091212456
96008,Bella Vista,899,4,0.44493882091212456
95668,Pleasant Grove,901,4,0.4439511653718091
92309,Baker,904,4,0.4424778761061947
92368,Oro Grande,909,4,0.44004400440044
96047,Igo,911,4,0.43907793633369924
92070,Santa Ysabel,1143,5,0.4374453193350831
95655,Mather,929,4,0.4305705059203444
96146,Olympic Valley,942,4,0.42462845010615713
96113,Herlong,946,4,0.42283298097251587
95674,Rio Oso,947,4,0.42238648363252373
96120,Markleeville,957,4,0.41797283176593525
92339,Forest Falls,958,4,0.41753653444676403
96024,Douglas City,960,4,0.4166666666666667
95977,Smartville,963,4,0.4153686396677051
92086,Warner Springs,1205,5,0.4149377593360996
93653,Raymond,972,4,0.411522633744856
95306,Catheys Valley,986,4,0.4056795131845842
94937,Inverness,1004,4,0.398406374501992
92518,March Air Reserve Base,1005,4,0.3980099502487562
95007,Brookdale,1007,4,0.3972194637537239
93518,Caliente,1022,4,0.3913894324853229
94933,Forest Knolls,1025,4,0.3902439024390244
96044,Hornbrook,1026,4,0.3898635477582846
93201,Alpaugh,1054,4,0.3795066413662239
95410,Albion,1054,4,0.3795066413662239
95323,Hickman,1055,4,0.37914691943127965
92091,Rancho Santa Fe,1072,4,0.3731343283582089
95528,Carlotta,1072,4,0.3731343283582089
92358,Lytle Creek,1090,4,0.3669724770642202
95466,Philo,1113,4,0.3593890386343217
93626,Friant,1125,4,0.35555555555555557
95565,Scotia,1125,4,0.35555555555555557
93668,Tranquillity,1130,4,0.35398230088495575
93925,Chualar,1140,4,0.3508771929824561
95635,Greenwood,1140,4,0.3508771929824561
96141,Homewood,858,3,0.34965034965034963
95955,Maxwell,1146,4,0.34904013961605584
95369,Snelling,1158,4,0.3454231433506045
96023,Dorris,1162,4,0.34423407917383825
95664,Pilot Hill,1173,4,0.3410059676044331
96109,Doyle,1177,4,0.33984706881903143
92398,Yermo,1195,4,0.33472803347280333
95547,Hydesville,1201,4,0.33305578684429643
93432,Creston,1203,4,0.3325020781379884
95548,Klamath,1215,4,0.3292181069958848
95681,Sheridan,1219,4,0.3281378178835111
93544,Llano,1220,4,0.32786885245901637
96051,Lakehead,1236,4,0.3236245954692557
95919,Brownsville,1237,4,0.32336297493936944
93243,Lebec,1247,4,0.32076984763432237
92242,Earp,1564,5,0.319693094629156
95968,Palermo,1254,4,0.3189792663476874
93461,Shandon,1255,4,0.3187250996015936
91916,Descanso,1587,5,0.315059861373661
95689,Volcano,1273,4,0.3142183817753339
95346,Mi Wuk Village,1278,4,0.3129890453834116
95916,Berry Creek,1279,4,0.3127443315089914
91962,Pine Valley,1604,5,0.3117206982543641
96039,Happy Camp,1294,4,0.3091190108191654
93651,Prather,1314,4,0.30441400304414
93441,Los Olivos,1317,4,0.30372057706909644
96107,Coleville,1332,4,0.3003003003003003
95942,Forest Ranch,1351,4,0.2960769800148038
95468,Point Arena,1352,4,0.2958579881656805
93426,Bradley,1363,4,0.293470286133529
95449,Hopland,1373,4,0.29133284777858703
95415,Boonville,1374,4,0.2911208151382824
91934,Jacumba,699,2,0.28612303290414876
92823,Brea,1408,4,0.2840909090909091
95612,Clarksburg,1417,4,0.2822865208186309
93531,Keene,1436,4,0.2785515320334262
95551,Loleta,1447,4,0.27643400138217
94973,Woodacre,1449,4,0.27605244996549344
95943,Glenn,1454,4,0.2751031636863824
94130,San Francisco,1458,4,0.2743484224965706
93040,Piru,1459,4,0.2741603838245374
95686,Thornton,1472,4,0.2717391304347826
95918,Browns Valley,1477,4,0.2708192281651997
92561,Mountain Center,1500,4,0.26666666666666666
95313,Crows Landing,1508,4,0.2652519893899204
95962,Oregon House,1519,4,0.26333113890717574
95372,Soulsbyville,1519,4,0.26333113890717574
95703,Applegate,1526,4,0.2621231979030144
93222,Frazier Park,1526,4,0.2621231979030144
95462,Monte Rio,1537,4,0.2602472348731295
96056,Mcarthur,1554,4,0.2574002574002574
94924,Bolinas,1573,4,0.25429116338207247
95421,Cazadero,1575,4,0.25396825396825395
95525,Blue Lake,1584,4,0.25252525252525254
96057,Mccloud,1586,4,0.25220680958385877
95426,Cobb,1591,4,0.251414204902577
95975,Rough And Ready,1601,4,0.24984384759525297
93553,Pearblossom,1613,4,0.24798512089274644
94020,La Honda,1622,4,0.2466091245376079
92273,Seeley,1632,4,0.24509803921568626
95452,Kenwood,1653,4,0.24198427102238357
95573,Willow Creek,1666,4,0.24009603841536614
95524,Bayside,1689,4,0.2368265245707519
95246,Mountain Ranch,1692,4,0.2364066193853428
96142,Tahoma,1291,3,0.23237800154918667
94304,Palo Alto,1723,4,0.2321532211259431
93266,Stratford,1729,4,0.23134759976865238
95638,Herald,1745,4,0.2292263610315186
95329,La Grange,1749,4,0.22870211549456831
93608,Cantua Creek,1766,4,0.22650056625141565
93440,Los Alamos,1328,3,0.2259036144578313
92401,San Bernardino,1779,4,0.22484541877459246
94923,Bodega Bay,1785,4,0.22408963585434172
95645,Knights Landing,1793,4,0.2230897936419409
93239,Kettleman City,1809,4,0.22111663902708678
96118,Loyalton,1822,4,0.21953896816684962
93513,Big Pine,1826,4,0.21905805038335158
92059,Pala,1831,4,0.21845985800109227
92386,Sugarloaf,1834,4,0.21810250817884408
96103,Blairsden Graeagle,1839,4,0.2175095160413268
96052,Lewiston,1845,4,0.21680216802168023
95560,Redway,1851,4,0.21609940572663425
93624,Five Points,1852,4,0.21598272138228944
92676,Silverado,1859,4,0.21516944593867668
93238,Kernville,1873,4,0.21356113187399892
95465,Occidental,1880,4,0.2127659574468085
95469,Potter Valley,1884,4,0.21231422505307856
92230,Cabazon,2355,5,0.21231422505307856
94956,Point Reyes Station,1885,4,0.21220159151193632
96028,Fall River Mills,1902,4,0.2103049421661409
95445,Gualala,1916,4,0.20876826722338201
95951,Hamilton City,1931,4,0.20714655618850336
92347,Hinkley,1933,4,0.20693222969477496
93283,Weldon,1935,4,0.20671834625322996
96140,Carnelian Bay,1943,4,0.2058672156459084
93205,Bodfish,1954,4,0.2047082906857728
90010,Los Angeles,1957,4,0.2043944813490036
95374,Stevinson,1960,4,0.20408163265306123
93616,Del Rey,1965,4,0.2035623409669211
93601,Ahwahnee,1968,4,0.20325203252032523
95641,Isleton,2010,4,0.1990049751243781
91905,Boulevard,1509,3,0.19880715705765406
95567,Smith River,2020,4,0.19801980198019803
90067,Los Angeles,2527,5,0.19786307874950534
95663,Penryn,2048,4,0.1953125
94060,Pescadero,2055,4,0.19464720194647203
95947,Greenville,2064,4,0.1937984496124031
94105,San Francisco,2066,4,0.1936108422071636
93206,Buttonwillow,2078,4,0.192492781520693
95328,Keyes,2130,4,0.18779342723004694
95310,Columbia,2144,4,0.18656716417910446
95002,Alviso,2147,4,0.18630647414997673
96027,Etna,2156,4,0.1855287569573284
92285,Landers,2182,4,0.18331805682859761
92203,Indio,2743,5,0.18228217280349981
95255,West Point,2198,4,0.18198362147406735
95669,Plymouth,2220,4,0.18018018018018017
95464,Nice,2223,4,0.1799370220422852
95460,Mendocino,2229,4,0.1794526693584567
94129,San Francisco,2240,4,0.17857142857142858
93516,Boron,2241,4,0.178491744756805
95311,Coulterville,2271,4,0.17613386173491855
95428,Covelo,2296,4,0.17421602787456447
93271,Three Rivers,2318,4,0.1725625539257981
95690,Walnut Grove,2344,4,0.17064846416382254
95485,Upper Lake,2344,4,0.17064846416382254
94037,Montara,2346,4,0.17050298380221654
95441,Geyserville,2349,4,0.17028522775649213
95570,Trinidad,2369,4,0.16884761502743773
94511,Bethel Island,2379,4,0.16813787305590583
92281,Westmorland,2388,4,0.16750418760469013
90021,Los Angeles,3012,5,0.16600265604249667
95542,Garberville,2423,4,0.16508460586050352
92536,Aguanga,2433,4,0.16440608302507193
93249,Lost Hills,2502,4,0.15987210231814547
95633,Garden Valley,2536,4,0.15772870662460567
96134,Tulelake,2595,4,0.15414258188824664
96025,Dunsmuir,2602,4,0.15372790161414296
91914,Chula Vista,2606,4,0.15349194167306215
95228,Copperopolis,2633,4,0.1519179642992784
93667,Tollhouse,2633,4,0.1519179642992784
95457,Lower Lake,2644,4,0.15128593040847202
96020,Chester,2664,4,0.15015015015015015
93451,San Miguel,2666,4,0.15003750937734434
93453,Santa Margarita,2687,4,0.14886490509862302
95454,Laytonville,2706,4,0.14781966001478197
95245,Mokelumne Hill,2718,4,0.14716703458425312
95634,Georgetown,2723,4,0.14689680499449137
95627,Esparto,2756,4,0.14513788098693758
92602,Irvine,2762,4,0.1448225923244026
93532,Lake Hughes,2771,4,0.1443522194153735
92256,Morongo Valley,3499,5,0.14289797084881395
92249,Heber,3535,5,0.14144271570014144
93202,Armona,2872,4,0.1392757660167131
94599,Yountville,2873,4,0.13922728854855554
93242,Laton,2900,4,0.13793103448275862
90058,Los Angeles,3642,5,0.1372872048325096
93261,Richgrove,2956,4,0.13531799729364005
95684,Somerset,2958,4,0.1352265043948614
90704,Avalon,3699,5,0.13517166801838335
95536,Ferndale,2965,4,0.13490725126475547
93921,Carmel By The Sea,2966,4,0.13486176668914363
93066,Somis,2966,4,0.13486176668914363
95458,Lucerne,3002,4,0.13324450366422386
95546,Hoopa,3041,4,0.1315356790529431
94038,Moss Beach,3064,4,0.13054830287206268
92590,Temecula,3070,4,0.13029315960912052
96114,Janesville,3093,4,0.12932428063368898
92662,Newport Beach,3124,4,0.12804097311139565
91906,Campo,3133,4,0.12767315671879986
93675,Squaw Valley,3146,4,0.12714558169103624
95236,Linden,3148,4,0.12706480304955528
95917,Biggs,3169,4,0.12622278321236985
94525,Crockett,3193,4,0.1252740369558409
95982,Sutter,3193,4,0.1252740369558409
95237,Lockeford,3205,4,0.12480499219968799
93430,Cayucos,3220,4,0.12422360248447205
95333,Le Grand,3256,4,0.12285012285012285
93650,Fresno,3258,4,0.12277470841006752
95562,Rio Dell,3284,4,0.12180267965895249
94111,San Francisco,3337,4,0.11986814504045551
93285,Wofford Heights,2515,3,0.11928429423459246
96035,Gerber,3357,4,0.11915400655347036
95004,Aromas,3373,4,0.11858879335902757
93643,North Fork,3376,4,0.11848341232227488
95045,San Juan Bautista,3402,4,0.11757789535567313
93602,Auberry,3464,4,0.11547344110854503
92061,Pauma Valley,2615,3,0.11472275334608031
90014,Los Angeles,3524,4,0.11350737797956867
95938,Durham,3524,4,0.11350737797956867
93265,Springville,3546,4,0.1128031584884377
92036,Julian,3577,4,0.11182555213866369
92549,Idyllwild,3588,4,0.11148272017837235
95692,Wheatland,3600,4,0.1111111111111111
94005,Brisbane,3635,4,0.11004126547455295
94508,Angwin,3641,4,0.10985992859104642
92283,Winterhaven,3663,4,0.10920010920010921
92257,Niland,2753,3,0.10897203051216856
95614,Cool,3674,4,0.10887316276537834
95321,Groveland,3680,4,0.10869565217391304
95423,Clearlake Oaks,3684,4,0.10857763300760044
92539,Anza,3745,4,0.1068090787716956
95722,Meadow Vista,3747,4,0.10675206832132372
96093,Weaverville,3749,4,0.10669511869831955
96055,Los Molinos,3756,4,0.10649627263045794
94951,Penngrove,3777,4,0.10590415673815197
95672,Rescue,3815,4,0.10484927916120576
92004,Borrego Springs,2863,3,0.1047851903597625
92003,Bonsall,3849,4,0.10392309690828788
92122,San Diego,34902,36,0.1031459515214028
92028,Fallbrook,42239,43,0.10180165250124291
95249,San Andreas,3930,4,0.10178117048346055
95379,Tuolumne,3979,4,0.10052777079668257
92596,Winchester,4093,4,0.09772782799902273
95623,El Dorado,4097,4,0.0976324139614352
95442,Glen Ellen,4101,4,0.0975371860521824
95365,Planada,4150,4,0.09638554216867469
96137,Westwood,4158,4,0.0962000962000962
95258,Woodbridge,4176,4,0.09578544061302681
90401,Santa Monica,5221,5,0.0957670944263551
93256,Pixley,4198,4,0.09528346831824679
96088,Shingletown,4231,4,0.09454029780193808
92661,Newport Beach,4242,4,0.0942951438000943
92397,Wrightwood,4253,4,0.0940512579355749
95222,Angels Camp,4264,4,0.09380863039399624
92372,Pinon Hills,4280,4,0.09345794392523366
92548,Homeland,4283,4,0.09339248190520663
93660,San Joaquin,4318,4,0.09263547938860583
95247,Murphys,4353,4,0.09189065012634964
95665,Pine Grove,4354,4,0.09186954524575103
90290,Topanga,5451,5,0.091726288754357
92241,Desert Hot Springs,5529,5,0.09043226623259179
95619,Diamond Springs,4426,4,0.09037505648441031
92582,San Jacinto,4456,4,0.08976660682226212
93225,Frazier Park,4498,4,0.08892841262783459
93235,Ivanhoe,4517,4,0.08855435023245517
92532,Lake Elsinore,4546,4,0.08798944126704795
96013,Burney,4552,4,0.08787346221441124
95064,Santa Cruz,4563,4,0.08766162612316458
95987,Williams,4579,4,0.08735531775496833
93953,Pebble Beach,4602,4,0.0869187309865276
95685,Sutter Creek,4610,4,0.08676789587852494
93427,Buellton,4644,4,0.08613264427217916
95683,Sloughhouse,4731,4,0.08454872120059184
95019,Freedom,4753,4,0.08415737428992215
95912,Arbuckle,4796,4,0.08340283569641367
96143,Kings Beach,4806,4,0.08322929671244278
95709,Camino,4829,4,0.08283288465520812
95383,Twain Harte,4848,4,0.08250825082508251
95446,Guerneville,4913,4,0.08141664970486465
96073,Palo Cedro,4931,4,0.08111944838775097
92342,Helendale,4948,4,0.08084074373484236
92276,Thousand Palms,6242,5,0.08010253123998719
95231,French Camp,5094,4,0.07852375343541422
92027,Escondido,48690,38,0.0780447730540152
92130,San Diego,28201,22,0.07801141803482146
95223,Arnold,5159,4,0.07753440589261484
92210,Indian Wells,3873,3,0.0774593338497289
94571,Rio Vista,5246,4,0.07624857033930614
92356,Lucerne Valley,5256,4,0.076103500761035
96145,Tahoe City,4002,3,0.07496251874062969
92382,Running Springs,5395,4,0.07414272474513438
93609,Caruthers,5446,4,0.07344840249724569
92315,Big Bear Lake,5447,4,0.07343491830365338
92363,Needles,5488,4,0.0728862973760933
95666,Pioneer,5501,4,0.07271405199054717
95316,Denair,5513,4,0.07255577725376383
93615,Cutler,5519,4,0.07247689798876608
93240,Lake Isabella,5564,4,0.07189072609633358
92657,Newport Coast,5597,4,0.07146685724495265
93625,Fowler,5635,4,0.0709849157054126
96122,Portola,4236,3,0.0708215297450425
95903,Beale Afb,5654,4,0.07074637424831977
95046,San Martin,5671,4,0.07053429730206312
93267,Strathmore,5689,4,0.07031112673580593
93460,Santa Ynez,5710,4,0.07005253940455342
95631,Foresthill,5714,4,0.07000350017500875
93434,Guadalupe,5726,4,0.069856793573175
93656,Riverdale,5729,4,0.0698202129516495
93270,Terra Bella,5868,4,0.0681663258350375
95693,Wilton,5889,4,0.06792324673119375
96094,Weed,5896,4,0.06784260515603799
92861,Villa Park,5935,4,0.06739679865206402
95470,Redwood Valley,5995,4,0.06672226855713094
91020,Montrose,7527,5,0.06642752756742394
92117,San Diego,51213,34,0.06638939331810283
92067,Rancho Santa Fe,7615,5,0.06565988181221273
95658,Newcastle,6096,4,0.06561679790026247
92592,Temecula,46171,30,0.06497585064217799
95971,Quincy,6189,4,0.06463079657456779
95626,Elverta,6197,4,0.06454736162659351
95642,Jackson,6202,4,0.06449532408900355
95436,Forestville,6216,4,0.06435006435006435
96019,Shasta Lake,6277,4,0.06372470925601402
92233,Calipatria,7857,5,0.06363752068219422
91978,Spring Valley,7863,5,0.06358896095637798
92618,Irvine,6301,4,0.06348198698619266
95220,Acampo,6317,4,0.06332119677061897
95005,Ben Lomond,6407,4,0.062431715311378186
95961,Olivehurst,6439,4,0.06212144742972511
94964,San Quentin,6448,4,0.062034739454094295
90056,Los Angeles,8115,5,0.06161429451632779
93022,Oak View,6503,4,0.06151007227433493
93501,Mojave,4882,3,0.061450225317492835
93428,Cambria,6526,4,0.061293288384921846
94028,Portola Valley,6601,4,0.06059687926071808
90211,Beverly Hills,8321,5,0.06008893161879582
93924,Carmel Valley,6691,4,0.05978179644298311
92078,San Marcos,6760,4,0.0591715976331361
94939,Larkspur,6773,4,0.059058024509080174
93591,Palmdale,6787,4,0.058936201561809336
96101,Alturas,5096,3,0.05886970172684458
95326,Hughson,6822,4,0.05863383172090296
92109,San Diego,46086,27,0.058586121598750165
93721,Fresno,6848,4,0.05841121495327102
94027,Atherton,6876,4,0.058173356602675974
93234,Huron,6918,4,0.057820179242555655
95212,Stockton,6951,4,0.05754567688102431
92254,Mecca,8768,5,0.05702554744525547
95139,San Jose,7023,4,0.056955716930086865
95202,Stockton,7071,4,0.0565690849950502
95324,Hilmar,7177,4,0.05573359342343597
96067,Mount Shasta,7309,4,0.054727048843891096
92359,Mentone,7324,4,0.05461496450027307
92320,Calimesa,7334,4,0.0545404963185165
92567,Nuevo,7344,4,0.054466230936819175
94515,Calistoga,7384,4,0.054171180931744306
92624,Capistrano Beach,7465,4,0.05358338914936369
95932,Colusa,7503,4,0.053312008529921365
93523,Edwards,7685,4,0.05204944697462589
90013,Los Angeles,9732,5,0.05137690094533497
95461,Middletown,7789,4,0.05135447425856978
93510,Acton,7831,4,0.051079044821861826
90040,Los Angeles,9805,5,0.05099439061703213
95322,Gustine,7872,4,0.05081300813008131
91207,Glendale,9864,5,0.05068937550689375
93465,Templeton,7918,4,0.050517807527153326
94931,Cotati,7936,4,0.05040322580645161
91381,Stevenson Ranch,9937,5,0.05031699708161417
93463,Solvang,7958,4,0.050263885398341285
90248,Gardena,9960,5,0.0502008032128514
92252,Joshua Tree,8141,4,0.04913401302051345
94710,Berkeley,8157,4,0.0490376363859262
91105,Pasadena,10253,5,0.048766214766409834
93546,Mammoth Lakes,8217,4,0.04867956675185591
93437,Lompoc,6165,3,0.04866180048661801
95386,Waterford,8308,4,0.04814636494944632
93505,California City,8316,4,0.0481000481000481
95065,Santa Cruz,8365,4,0.04781829049611477
90077,Los Angeles,10470,5,0.04775549188156638
95834,Sacramento,8403,4,0.04760204688801618
95694,Winters,8406,4,0.04758505829169641
91024,Sierra Madre,10558,5,0.04735745406326956
93646,Orange Cove,8449,4,0.04734288081429755
94930,Fairfax,8486,4,0.047136460051850106
95360,Newman,8504,4,0.047036688617121354
94572,Rodeo,8506,4,0.04702562896778745
93644,Oakhurst,8521,4,0.046942847083675625
95713,Colfax,8525,4,0.0469208211143695
95726,Pollock Pines,8577,4,0.04663635303719249
95012,Castroville,8582,4,0.04660918200885575
93223,Farmersville,8644,4,0.04627487274409996
92655,Midway City,8660,4,0.046189376443418015
92585,Sun City,8692,4,0.04601932811780948
95953,Live Oak,8695,4,0.04600345025876941
95018,Felton,8728,4,0.045829514207149404
95988,Willows,8812,4,0.04539264639128461
93286,Woodlake,8870,4,0.04509582863585118
90293,Playa Del Rey,11264,5,0.044389204545454544
93926,Gonzales,9023,4,0.04433115371827552
94925,Corte Madera,9038,4,0.04425757911042266
95832,Sacramento,9063,4,0.044135495972635996
90212,Beverly Hills,11355,5,0.044033465433729636
90402,Santa Monica,11509,5,0.04344426101312017
95425,Cloverdale,9210,4,0.04343105320304018
91502,Burbank,11517,5,0.04341408352869671
91915,Chula Vista,9278,4,0.04311273981461522
92126,San Diego,74232,32,0.04310809354456299
93219,Earlimart,9318,4,0.042927666881305
93620,Dos Palos,9388,4,0.04260758414997869
93614,Coarsegold,9395,4,0.04257583821181479
94574,Saint Helena,9423,4,0.04244932611694789
92310,Fort Irwin,9465,4,0.04226096143687269
93622,Firebaugh,9491,4,0.04214519018017068
96097,Yreka,9538,4,0.04193751310547285
95327,Jamestown,9559,4,0.04184538131603724
95134,San Jose,9657,4,0.041420731075903494
95010,Capitola,9673,4,0.041352217512664116
95640,Ione,9752,4,0.04101722723543889
95946,Penn Valley,9752,4,0.04101722723543889
95948,Gridley,9763,4,0.04097101300829663
93647,Orosi,9780,4,0.0408997955010225
92352,Lake Arrowhead,9793,4,0.04084550188910446
95073,Soquel,9823,4,0.04072075740608776
95451,Kelseyville,9902,4,0.04039587962027873
93445,Oceano,7435,3,0.04034969737726967
92270,Rancho Mirage,12465,5,0.04011231448054552
94535,Travis Afb,9978,4,0.04008819402685909
94709,Berkeley,10147,4,0.039420518379816694
94514,Byron,10153,4,0.039397222495814045
95119,San Jose,10155,4,0.03938946331856229
95315,Delhi,10159,4,0.03937395412934344
95033,Los Gatos,10172,4,0.039323633503735744
95338,Mariposa,10226,4,0.03911597887737141
91913,Chula Vista,12884,5,0.0388078236572493
91739,Rancho Cucamonga,12937,5,0.03864883667001623
92007,Cardiff By The Sea,10375,4,0.038554216867469876
92325,Crestline,10484,4,0.03815337657382679
91436,Encino,13129,5,0.03808363165511463
95006,Boulder Creek,10520,4,0.03802281368821293
91108,San Marino,13158,5,0.037999696002431985
94065,Redwood City,10658,4,0.03753049352598987
94708,Berkeley,10737,4,0.03725435410263575
93250,Mc Farland,10781,4,0.03710230961877377
95330,Lathrop,10834,4,0.036920804873546244
93442,Morro Bay,10909,4,0.03666697222476854
92610,Foothill Ranch,10936,4,0.0365764447695684
93109,Santa Barbara,10986,4,0.03640997633351538
90305,Inglewood,13779,5,0.03628710356339357
92313,Grand Terrace,11024,4,0.036284470246734396
94542,Hayward,11147,4,0.03588409437516821
95954,Magalia,11168,4,0.03581661891117478
95453,Lakeport,11180,4,0.03577817531305903
95650,Loomis,11191,4,0.03574300777410419
93543,Littlerock,11198,4,0.03572066440435792
94965,Sausalito,11213,4,0.035672879693213234
95252,Valley Springs,11266,4,0.03550505947097461
92278,Twentynine Palms,14104,5,0.03545093590470788
95829,Sacramento,11396,4,0.0351000351000351
93449,Pismo Beach,8564,3,0.03503035964502569
95388,Winton,11463,4,0.034894879176480854
95320,Escalon,11474,4,0.03486142583231654
91203,Glendale,14493,5,0.03449941350997033
91935,Jamul,8759,3,0.03425048521520722
94612,Oakland,11702,4,0.03418219107844813
92129,San Diego,47224,16,0.0338810774182619
91377,Oak Park,14814,5,0.03375185635209937
90716,Hawaiian Gardens,14852,5,0.033665499596014004
94707,Berkeley,11889,4,0.03364454537808058
94904,Greenbrae,12010,4,0.03330557868442965
92394,Victorville,12083,4,0.033104361499627574
90015,Los Angeles,15140,5,0.03302509907529723
92408,San Bernardino,12149,4,0.03292452053666968
90232,Culver City,15195,5,0.03290556103981573
92075,Solana Beach,12173,4,0.032859607327692435
95540,Fortuna,12241,4,0.032677068866922634
96022,Cottonwood,12348,4,0.032393909944930355
90623,La Palma,15505,5,0.032247662044501774
94705,Berkeley,12448,4,0.032133676092544985
92371,Phelan,12463,4,0.03209500120356255
95368,Salida,12466,4,0.03208727739451307
93648,Parlier,12587,4,0.031778819416858665
95366,Ripon,12646,4,0.03163055511624229
95334,Livingston,12672,4,0.03156565656565657
93108,Santa Barbara,12741,4,0.031394709991366454
92555,Moreno Valley,12743,4,0.031389782625755314
95605,West Sacramento,12756,4,0.03135779241141424
90245,El Segundo,16041,5,0.031170126550713797
93301,Bakersfield,12963,4,0.030857054694129443
93960,Soledad,13003,4,0.03076213181573483
90670,Santa Fe Springs,16271,5,0.03072951877573597
93908,Salinas,13027,4,0.03070545789514086
95054,Santa Clara,13031,4,0.03069603253779449
94920,Belvedere Tiburon,13065,4,0.030616150019135095
93433,Grover Beach,13106,4,0.03052037234854265
90701,Artesia,16398,5,0.030491523356506893
93923,Carmel,13121,4,0.03048548128953586
92587,Sun City,13151,4,0.03041593795148658
92883,Corona,13188,4,0.030330603579011222
91901,Alpine,16486,5,0.030328763799587526
92314,Big Bear City,9899,3,0.0303060915243964
94552,Castro Valley,13212,4,0.030275507114744173
95030,Los Gatos,13290,4,0.030097817908201655
93514,Bishop,13309,4,0.030054850101435118
93221,Exeter,13333,4,0.030000750018750466
95357,Modesto,13343,4,0.029978265757325935
94949,Novato,13361,4,0.029937878901279844
94305,Stanford,13386,4,0.029881966233378153
92625,Corona Del Mar,13422,4,0.029801817910892564
91101,Pasadena,16812,5,0.029740661432310255
95490,Willits,13472,4,0.02969121140142518
95130,San Jose,13481,4,0.029671389362806916
94041,Mountain View,13483,4,0.029666988059037308
95422,Clearlake,13485,4,0.029662588060808306
91208,Glendale,16910,5,0.029568302779420463
91602,North Hollywood,16996,5,0.029418686749823487
91204,Glendale,17015,5,0.02938583602703497
90502,Torrance,17058,5,0.029311759878063077
91345,Mission Hills,17112,5,0.029219261337073397
95963,Orland,13706,4,0.029184298847220194
94108,San Francisco,13723,4,0.02914814544924579
96021,Corning,13840,4,0.028901734104046246
93701,Fresno,13858,4,0.028864193967383458
94805,Richmond,13984,4,0.028604118993135013
94502,Alameda,13996,4,0.02857959416976279
95673,Rio Linda,14010,4,0.028551034975017847
91723,Covina,17554,5,0.028483536515893814
93630,Kerman,14062,4,0.028445455838429813
92584,Menifee,14068,4,0.028433323855558714
93631,Kingsburg,14088,4,0.028392958546280524
92223,Beaumont,17721,5,0.028215112013994695
93927,Greenfield,14204,4,0.028161081385525203
94517,Clayton,14239,4,0.028091860383453897
91354,Valencia,17846,5,0.028017482909335426
95437,Fort Bragg,14417,4,0.02774502323645696
90292,Marina Del Rey,18058,5,0.027688559087385094
93930,King City,14477,4,0.02763003384679146
91501,Burbank,18112,5,0.02760600706713781
92251,Imperial,14546,4,0.027498968788670426
95066,Scotts Valley,14574,4,0.02744613695622341
93204,Avenal,14697,4,0.02721643872899231
95138,San Jose,14792,4,0.027041644131963225
91506,Burbank,18539,5,0.02697017099088408
93402,Los Osos,14859,4,0.026919711959082035
93560,Rosamond,14931,4,0.026789900207621727
93268,Taft,14937,4,0.026779139050679523
90254,Hermosa Beach,18693,5,0.02674798052747018
95817,Sacramento,14966,4,0.026727248429774156
91361,Westlake Village,18735,5,0.02668801708033093
91040,Sunland,18752,5,0.02666382252559727
95776,Woodland,15022,4,0.026627612834509387
92264,Palm Springs,18884,5,0.026477441220080493
93263,Shafter,15177,4,0.026355669763457865
92301,Adelanto,18980,5,0.026343519494204423
91752,Mira Loma,18980,5,0.026343519494204423
94507,Alamo,15187,4,0.02633831566471324
90814,Long Beach,19034,5,0.02626878217925817
95648,Lincoln,15286,4,0.026167735182519955
90603,Whittier,19109,5,0.026165681092678843
92673,San Clemente,15297,4,0.026148918088514085
93241,Lamont,15364,4,0.02603488674824265
92866,Orange,15396,4,0.02598077422707197
93444,Nipomo,15405,4,0.02596559558584875
94618,Oakland,15438,4,0.02591009198082653
93950,Pacific Grove,15449,4,0.02589164347206939
95765,Rocklin,15494,4,0.0258164450755131
93247,Lindsay,15508,4,0.025793139025019347
92108,San Diego,11650,3,0.025751072961373394
95363,Patterson,15536,4,0.025746652935118432
94702,Berkeley,15638,4,0.02557871850620284
90265,Malibu,19630,5,0.025471217524197655
93110,Santa Barbara,15757,4,0.025385542933299487
95135,San Jose,15798,4,0.0253196607165464
92845,Garden Grove,15878,4,0.025192089683839278
94706,Albany,15882,4,0.02518574486840448
95519,Mckinleyville,15921,4,0.02512404999685949
95819,Sacramento,15975,4,0.025039123630672927
90404,Santa Monica,19975,5,0.025031289111389236
93015,Fillmore,16013,4,0.024979703990507713
92127,San Diego,20046,5,0.024942631946522995
92250,Holtville,8062,2,0.024807740014884644
91011,La Canada Flintridge,20200,5,0.024752475247524754
95816,Sacramento,16164,4,0.024746349913387776
94301,Palo Alto,16198,4,0.024694406716878628
93203,Arvin,16206,4,0.024682216463038382
90069,West Hollywood,20408,5,0.02450019600156801
93728,Fresno,16346,4,0.02447081854888046
95203,Stockton,16357,4,0.024454362046830103
92284,Yucca Valley,20486,5,0.024406912037489018
94945,Novato,16429,4,0.02434719094284497
93111,Santa Barbara,16477,4,0.024276263882988407
94556,Moraga,16510,4,0.024227740763173834
95367,Riverbank,16525,4,0.024205748865355523
95814,Sacramento,16599,4,0.024097837219109585
90715,Lakewood,20890,5,0.023934897079942556
94564,Pinole,16717,4,0.023927738230543758
94960,San Anselmo,16849,4,0.023740281322333672
90717,Lomita,21065,5,0.023736055067647758
91773,San Dimas,33878,8,0.023614144872778794
94089,Sunnyvale,16985,4,0.023550191345304682
92880,Corona,16998,4,0.023532180256500765
92274,Thermal,17018,4,0.02350452462098954
90732,San Pedro,21279,5,0.023497344800037595
90720,Los Alamitos,21343,5,0.023426884692873542
90210,Beverly Hills,21397,5,0.02336776183577137
92508,Riverside,17147,4,0.02332769580684668
90712,Lakewood,30173,7,0.02319954926589998
95959,Nevada City,17269,4,0.023162893045341363
94107,San Francisco,17372,4,0.023025558369790467
90068,Los Angeles,21728,5,0.023011782032400587
91902,Bonita,17389,4,0.02300304790384726
90048,Los Angeles,21739,5,0.023000138000828004
93013,Carpinteria,17409,4,0.022976621287839623
92119,San Diego,21866,5,0.0228665508094759
92782,Tustin,17494,4,0.02286498227963873
91202,Glendale,21990,5,0.022737608003638016
92606,Irvine,17621,4,0.022700187276545034
91403,Sherman Oaks,22085,5,0.022639800769753225
91384,Castaic,22177,5,0.022545880867565496
95965,Oroville,17782,4,0.022494657518839275
95949,Grass Valley,17922,4,0.022318937618569356
94019,Half Moon Bay,17929,4,0.022310223659992193
92029,Escondido,17944,4,0.02229157378510923
94563,Orinda,17964,4,0.0222667557336896
95448,Healdsburg,17979,4,0.02224817843039101
94595,Walnut Creek,18024,4,0.022192632046160673
93210,Coalinga,18036,4,0.022177866489243733
90272,Pacific Palisades,22548,5,0.022174915735320207
92865,Orange,18058,4,0.022150847269908073
92354,Loma Linda,18068,4,0.022138587558113793
92586,Sun City,18161,4,0.022025218875612578
95110,San Jose,18197,4,0.02198164532615266
95602,Auburn,18197,4,0.02198164532615266
92563,Murrieta,18311,4,0.021844792747528808
91737,Rancho Cucamonga,23079,5,0.021664716842150874
94022,Los Altos,18486,4,0.021637996321540624
92377,Rialto,18518,4,0.021600604816934876
95620,Dixon,18529,4,0.02158778131577527
92014,Del Mar,13945,3,0.02151308712800287
94519,Concord,18650,4,0.021447721179624665
91784,Upland,23331,5,0.02143071450002143
92227,Brawley,23394,5,0.02137300162434812
91303,Canoga Park,23519,5,0.021259407287724817
90403,Santa Monica,23559,5,0.021223311685555413
91307,West Hills,23637,5,0.02115327664255193
91411,Van Nuys,23646,5,0.02114522540810285
91302,Calabasas,23661,5,0.021131820295000214
91106,Pasadena,23742,5,0.02105972538118103
92501,Riverside,18999,4,0.021053739670508973
95691,West Sacramento,19050,4,0.02099737532808399
95219,Stockton,19109,4,0.020932544874143075
92253,La Quinta,23971,5,0.020858537399357557
91201,Glendale,23981,5,0.020849839456236186
91030,South Pasadena,23984,5,0.02084723148765844
91942,La Mesa,24005,5,0.02082899395959175
92118,Coronado,24093,5,0.020752915784667744
90740,Seal Beach,24180,5,0.0206782464846981
92595,Wildomar,19368,4,0.020652622883106157
93610,Chowchilla,19391,4,0.02062812645041514
92082,Valley Center,14575,3,0.020583190394511147
96130,Susanville,19440,4,0.0205761316872428
95521,Arcata,19596,4,0.020412329046744233
90064,Los Angeles,24505,5,0.020403999183840033
90061,Los Angeles,24511,5,0.020399004528579005
95827,Sacramento,19611,4,0.02039671612870328
92808,Anaheim,19629,4,0.020378012124917213
90710,Harbor City,24660,5,0.020275750202757504
94703,Berkeley,19763,4,0.020239842129231394
94506,Danville,19777,4,0.02022551448652475
94579,San Leandro,19815,4,0.020186727226848347
95337,Manteca,19867,4,0.02013389037096693
90240,Downey,24908,5,0.02007387184840212
91945,Lemon Grove,24961,5,0.020031248748046952
91741,Glendora,24973,5,0.02002162335322148
91355,Valencia,24977,5,0.0200184169435881
90274,Palos Verdes Peninsula,24979,5,0.020016814123864045
91724,Covina,25068,5,0.019945747566618797
91740,Glendora,25135,5,0.019892580067634773
92123,San Diego,25232,5,0.019816106531388714
91301,Agoura Hills,25303,5,0.01976050270718887
94030,Millbrae,20350,4,0.019656019656019656
90028,Los Angeles,30568,6,0.01962836953677048
90746,Carson,25566,5,0.01955722443870766
92120,San Diego,25569,5,0.019554929797802028
91324,Northridge,25751,5,0.01941672168071143
94127,San Francisco,20643,4,0.019377028532674517
95746,Granite Bay,20675,4,0.019347037484885126
92220,Banning,25859,5,0.019335627827835572
90017,Los Angeles,20692,4,0.019331142470520007
91504,Burbank,25882,5,0.019318445251526158
91364,Woodland Hills,25988,5,0.019239649068800983
90405,Santa Monica,26099,5,0.019157822138779264
93103,Santa Barbara,20893,4,0.01914516823816589
92887,Yorba Linda,20893,4,0.01914516823816589
91604,Studio City,26157,5,0.019115341973467908
95841,Sacramento,20993,4,0.019053970371076073
93725,Fresno,21010,4,0.01903855306996668
90602,Whittier,26265,5,0.019036740909956214
94607,Oakland,21054,4,0.018998765080269785
94609,Oakland,21097,4,0.018960041712091768
90249,Gardena,26442,5,0.018909310944709174
92835,Fullerton,21157,4,0.018906272155787683
94704,Berkeley,21205,4,0.01886347559537845
95818,Sacramento,21313,4,0.018767888143386667
92583,San Jacinto,21349,4,0.018736240573328962
91042,Tujunga,26753,5,0.018689492767166298
96007,Anderson,21418,4,0.01867588010084975
94024,Los Altos,21496,4,0.018608113137327877
95677,Rocklin,21510,4,0.018596001859600187
91755,Monterey Park,26933,5,0.018564586195373704
93023,Ojai,21633,4,0.018490269495677898
93933,Marina,21759,4,0.018383197757249874
92881,Corona,21911,4,0.018255670667701153
91010,Duarte,27414,5,0.018238856058947983
91356,Tarzana,27424,5,0.01823220536756126
91607,Valley Village,27453,5,0.01821294576184752
95762,El Dorado Hills,22028,4,0.018158707100054475
90713,Lakewood,27563,5,0.018140260494140695
95242,Lodi,22073,4,0.018121687129071716
91316,Encino,27614,5,0.018106757441877307
92663,Newport Beach,22133,4,0.018072561333755024
90303,Inglewood,27778,5,0.01799985600115199
90035,Los Angeles,27799,5,0.01798625849850714
92231,Calexico,27804,5,0.017983024025320097
95405,Santa Rosa,22250,4,0.017977528089887642
93907,Salinas,22292,4,0.017943656917279744
90041,Los Angeles,27866,5,0.017943012990741403
91103,Pasadena,27891,5,0.01792692983399663
92107,San Diego,27959,5,0.01788332916055653
92860,Norco,22443,4,0.01782292919841376
91326,Porter Ranch,28067,5,0.01781451526703958
90270,Maywood,28094,5,0.017797394461450844
94547,Hercules,22479,4,0.017794385871257618
92614,Irvine,22499,4,0.017778567936352727
93280,Wasco,22760,4,0.01757469244288225
92173,San Ysidro,28488,5,0.017551249648975007
92240,Desert Hot Springs,22796,4,0.017546938059308653
94123,San Francisco,22920,4,0.017452006980802792
90304,Inglewood,28680,5,0.017433751743375175
92551,Moreno Valley,22983,4,0.017404168298307446
94103,San Francisco,23036,4,0.017364125716270183
95348,Merced,23100,4,0.017316017316017316
94530,El Cerrito,23141,4,0.017285337712285555
92411,San Bernardino,23146,4,0.017281603732826407
92236,Coachella,23170,4,0.017263703064307294
92868,Orange,23172,4,0.017262213015708613
95501,Eureka,23224,4,0.01722356183258698
91214,La Crescenta,29110,5,0.017176228100309172
95864,Sacramento,23362,4,0.017121821761835458
94402,San Mateo,23393,4,0.017099132219039886
91505,Burbank,29245,5,0.017096939647803042
92131,San Diego,29283,5,0.01707475326981525
90062,Los Angeles,29299,5,0.017065428854227106
91775,San Gabriel,23444,4,0.017061934823408977
90039,Los Angeles,29310,5,0.0170590242238144
92260,Palm Desert,29340,5,0.017041581458759374
92844,Garden Grove,23481,4,0.017035049614582003
93212,Corcoran,23506,4,0.017016931847187954
91423,Sherman Oaks,29387,5,0.01701432606254466
95503,Eureka,23570,4,0.01697072549851506
95492,Windsor,23701,4,0.01687692502426058
90680,Stanton,29694,5,0.016838418535731127
95215,Stockton,23789,4,0.01681449409390895
90222,Compton,29825,5,0.016764459346186086
95945,Grass Valley,23990,4,0.016673614005835762
94549,Lafayette,23996,4,0.01666944490748458
91006,Arcadia,30028,5,0.016651125616091646
92124,San Diego,30206,5,0.016553002714692445
91731,El Monte,30211,5,0.01655026314918407
92110,San Diego,24169,4,0.016550126194712234
95632,Galt,24194,4,0.01653302471687195
93618,Dinuba,24206,4,0.016524828554903743
95003,Aptos,24227,4,0.016510504808684528
91791,West Covina,30458,5,0.01641604832884628
95032,Los Gatos,24443,4,0.01636460336292599
90012,Los Angeles,30596,5,0.016342005490913844
94306,Palo Alto,24492,4,0.016331863465621425
93420,Arroyo Grande,24499,4,0.016327197028450143
92832,Fullerton,24502,4,0.016325197943025057
91803,Alhambra,30635,5,0.016321201240411295
94619,Oakland,24518,4,0.016314544416347176
94608,Emeryville,24589,4,0.016267436658668512
91321,Newhall,30742,5,0.01626439398867998
90302,Inglewood,30779,5,0.01624484226258163
91746,La Puente,30802,5,0.016232712161547952
92405,San Bernardino,24644,4,0.016231131309852296
92225,Blythe,24659,4,0.016221257958554686
90008,Los Angeles,30852,5,0.016206404771165566
92106,San Diego,18525,3,0.016194331983805668
95382,Turlock,24708,4,0.016189088554314394
95682,Shingle Springs,24738,4,0.016169455897809038
94947,Novato,24741,4,0.016167495250798268
91007,Arcadia,30933,5,0.016163967284130217
90291,Venice,31021,5,0.016118113535991747
92262,Palm Springs,24924,4,0.016048788316482106
95603,Auburn,24944,4,0.016035920461834507
93012,Camarillo,24945,4,0.016035277610743637
91206,Glendale,31297,5,0.015975972137904592
90803,Long Beach,31352,5,0.015947945904567492
93313,Bakersfield,25126,4,0.015919764387487066
95661,Roseville,25173,4,0.01589004091685536
92651,Laguna Beach,25206,4,0.015869237483138936
90807,Long Beach,31556,5,0.015844847255672454
91792,West Covina,31622,5,0.015811776611220036
93035,Oxnard,25322,4,0.015796540557617884
95370,Sonora,25340,4,0.015785319652722965
90504,Torrance,31678,5,0.01578382473641013
95815,Sacramento,25355,4,0.015775981068822716
93552,Palmdale,25370,4,0.015766653527788728
95361,Oakdale,25384,4,0.01575795776867318
94803,El Sobrante,25399,4,0.015748651521713453
95747,Roseville,25418,4,0.015736879376819578
94002,Belmont,25566,4,0.01564577955096613
94062,Redwood City,25569,4,0.01564394383824162
90230,Culver City,31963,5,0.01564308731971342
94510,Benicia,25578,4,0.01563843928375948
93041,Port Hueneme,25634,4,0.015604275571506591
90601,Whittier,32050,5,0.015600624024960999
92591,Temecula,25655,4,0.01559150263106607
92545,Hemet,25694,4,0.015567836849069821
95409,Santa Rosa,25718,4,0.01555330896648262
90606,Whittier,32148,5,0.015553067064825182
93105,Santa Barbara,25771,4,0.0155213224166699
93561,Tehachapi,25805,4,0.015500871924045728
91325,Northridge,32307,5,0.015476522115950105
91107,Pasadena,32369,5,0.015446878185918625
93654,Reedley,25923,4,0.015430312849593026
94598,Walnut Creek,26022,4,0.015371608638844054
95133,San Jose,26032,4,0.015365703749231713
90038,Los Angeles,32562,5,0.015355322154658806
95356,Modesto,26055,4,0.01535213970447131
91780,Temple City,32718,5,0.015282107708295127
93662,Selma,26213,4,0.015259604013275857
94580,San Lorenzo,26240,4,0.01524390243902439
92211,Palm Desert,19702,3,0.015226880519744187
94132,San Francisco,26297,4,0.015210860554435867
90036,Los Angeles,32901,5,0.015197106470927934
92571,Perris,26357,4,0.015176234017528552
95131,San Jose,26389,4,0.01515783091439615
92620,Irvine,26419,4,0.015140618494265491
96080,Red Bluff,26438,4,0.01512973749905439
91362,Thousand Oaks,33057,5,0.015125389478779077
94513,Brentwood,26577,4,0.015050607668284607
93704,Fresno,26580,4,0.015048908954100828
91754,Monterey Park,33280,5,0.015024038461538462
90260,Lawndale,33300,5,0.015015015015015015
91932,Imperial Beach,26662,4,0.015002625459455406
91340,San Fernando,33389,5,0.014974991763754528
90049,Los Angeles,33523,5,0.014915132893834084
90621,Buena Park,33528,5,0.014912908613696015
94133,San Francisco,26831,4,0.014908128657150311
94559,Napa,26894,4,0.014873205919535955
95973,Chico,26971,4,0.014830744132586855
90266,Manhattan Beach,33758,5,0.014811303987203032
95126,San Jose,27023,4,0.014802205528623765
93401,San Luis Obispo,27047,4,0.014789070876622176
91722,Covina,33817,5,0.014785462932844428
95354,Modesto,27135,4,0.014741109268472451
93311,Bakersfield,20440,3,0.014677103718199608
94545,Hayward,27311,4,0.01464611328768628
90277,Redondo Beach,34191,5,0.014623731391301804
92604,Irvine,27369,4,0.014615075450327012
93004,Ventura,27381,4,0.014608670245790876
94518,Concord,27394,4,0.014601737606775208
92101,San Diego,27505,4,0.014542810398109434
91763,Montclair,34447,5,0.014515052109037073
94561,Oakley,27607,4,0.01448907885681168
92629,Dana Point,27730,4,0.0144248106743599
91711,Claremont,34716,5,0.014402580942504897
95993,Yuba City,27786,4,0.014395738861297056
95301,Atwater,27808,4,0.014384349827387802
94043,Mountain View,27822,4,0.01437711163827187
90505,Torrance,34873,5,0.014337739798698132
94131,San Francisco,27906,4,0.014333835017558947
94070,San Carlos,28098,4,0.014235888675350559
91311,Chatsworth,35325,5,0.014154281670205238
95969,Paradise,28318,4,0.014125291334133767
95966,Oroville,28382,4,0.014093439503910928
94903,San Rafael,28403,4,0.014083019399359223
91750,La Verne,35530,5,0.014072614691809739
93637,Madera,28434,4,0.014067665470915102
94801,Richmond,28450,4,0.0140597539543058
90810,Long Beach,35656,5,0.014022885348889387
94588,Pleasanton,28568,4,0.014001680201624195
92660,Newport Beach,28687,4,0.013943598145501446
94941,Mill Valley,28727,4,0.013924182824520487
92308,Apple Valley,28819,4,0.013879732121170062
91768,Pomona,36057,5,0.013866932911778571
91367,Woodland Hills,36123,5,0.013841596766602996
94602,Oakland,28900,4,0.01384083044982699
93657,Sanger,28991,4,0.013797385395467559
91001,Altadena,36243,5,0.01379576745854372
94102,San Francisco,28998,4,0.013794054762397407
92139,San Diego,36351,5,0.013754779785975625
93635,Los Banos,29124,4,0.01373437714599643
93710,Fresno,29337,4,0.013634659303950641
93422,Atascadero,29539,4,0.013541419817867903
94568,Dublin,29636,4,0.013497098123903362
92543,Hemet,29687,4,0.013473911139556035
92337,Fontana,29847,4,0.01340168191107984
90278,Redondo Beach,37322,5,0.013396924066234392
95117,San Jose,29914,4,0.013371665440930667
90808,Long Beach,37417,5,0.013362909907261406
94610,Oakland,29964,4,0.013349352556401014
90301,Inglewood,37527,5,0.013323740240360274
91320,Newbury Park,37779,5,0.01323486593080812
90604,Whittier,37887,5,0.01319713886029509
96002,Redding,30338,4,0.013184784758388818
93245,Lemoore,30419,4,0.013149676189223842
91776,San Gabriel,38041,5,0.013143713361899003
95204,Stockton,30476,4,0.0131250820317627
90059,Los Angeles,38128,5,0.01311372219890894
93454,Santa Maria,30540,4,0.01309757694826457
90605,Whittier,38181,5,0.013095518713496243
95824,Sacramento,30580,4,0.013080444735120994
94114,San Francisco,30587,4,0.013077451204760192
95070,Saratoga,30589,4,0.013076596162019026
95678,Roseville,30614,4,0.013065917554060233
95358,Modesto,30668,4,0.013042911177774879
95825,Sacramento,30715,4,0.013022952954582452
90031,Los Angeles,38415,5,0.013015749056358194
90802,Long Beach,38427,5,0.013011684492674421
94621,Oakland,30751,4,0.013007707066436863
91104,Pasadena,38460,5,0.013000520020800833
95209,Stockton,30814,4,0.012981112481339652
95407,Santa Rosa,30876,4,0.012955045990413265
95482,Ukiah,30988,4,0.01290822253775655
90815,Long Beach,38902,5,0.012852809624183847
93703,Fresno,31180,4,0.01282873636946761
92373,Redlands,31230,4,0.012808197246237591
91701,Rancho Cucamonga,39064,5,0.012799508498873641
95472,Sebastopol,31266,4,0.012793449753726092
95842,Sacramento,31373,4,0.01274981672138463
94603,Oakland,31392,4,0.012742099898063202
95833,Sacramento,31422,4,0.012729934440837629
92841,Garden Grove,31428,4,0.012727504136438843
90045,Los Angeles,39334,5,0.012711648955102456
96001,Redding,31586,4,0.012663838409421896
93101,Santa Barbara,31727,4,0.012607558231159579
94404,San Mateo,31882,4,0.012546264349789851
95118,San Jose,31926,4,0.01252897325064211
94952,Petaluma,31930,4,0.01252740369558409
95662,Orangevale,32040,4,0.012484394506866416
91350,Santa Clarita,40077,5,0.012475983731317215
90241,Downey,40152,5,0.012452679816696554
94040,Mountain View,32143,4,0.012444389136048284
95660,North Highlands,32202,4,0.012421588721197441
92679,Trabuco Canyon,32268,4,0.01239618197595141
91401,Van Nuys,40376,5,0.012383594214384784
92649,Huntington Beach,32304,4,0.012382367508667657
94063,Redwood City,32368,4,0.012357884330202669
94401,San Mateo,32488,4,0.012312238364934745
93060,Santa Paula,32511,4,0.012303528036664515
95688,Vacaville,32564,4,0.012283503255128362
90501,Torrance,40705,5,0.012283503255128362
94523,Pleasant Hill,32685,4,0.012238029677221967
95128,San Jose,32804,4,0.01219363492257042
95928,Chico,32848,4,0.012177301509985387
91016,Monrovia,41067,5,0.012175225850439526
93940,Monterey,32857,4,0.012173965973765103
94526,Danville,32873,4,0.012168040641255741
95307,Ceres,32881,4,0.012165080137465405
93001,Ventura,32899,4,0.012158424268214839
90025,Los Angeles,41175,5,0.012143290831815423
93021,Moorpark,32984,4,0.01212709192335678
90275,Rancho Palos Verdes,41263,5,0.012117393306351937
92116,San Diego,33083,4,0.012090801922437505
92065,Ramona,33104,4,0.01208313194780087
91205,Glendale,41390,5,0.012080212611741966
94115,San Francisco,33122,4,0.01207656542479319
94124,San Francisco,33177,4,0.012056545196973807
90029,Los Angeles,41713,5,0.011986670822045884
90503,Torrance,41979,5,0.011910717263393602
93612,Clovis,33856,4,0.011814744801512287
94555,Fremont,33883,4,0.011805330106543103
90242,Downey,42459,5,0.01177606632280553
91360,Thousand Oaks,42526,5,0.011757513050839486
93551,Palmdale,34045,4,0.01174915552944632
92821,Brea,34055,4,0.011745705476435178
95205,Stockton,34138,4,0.011717148046165563
95667,Placerville,34146,4,0.011714402858314297
92128,San Diego,42733,5,0.011700559286733905
95476,Sonoma,34314,4,0.011657049600746051
92675,San Juan Capistrano,34321,4,0.011654672066664724
92806,Anaheim,34398,4,0.011628583057154486
92234,Cathedral City,43141,5,0.011589902876613893
92831,Fullerton,34592,4,0.011563367252543942
92316,Bloomington,25995,3,0.011540680900173109
90804,Long Beach,43467,5,0.011502979271631353
95838,Sacramento,34894,4,0.011463288817561758
92672,San Clemente,34946,4,0.011446231328335145
95991,Yuba City,34967,4,0.011439357108130523
92243,El Centro,43712,5,0.011438506588579795
95404,Santa Rosa,35057,4,0.011409989445759763
91306,Winnetka,43857,5,0.011400688601591536
93534,Lancaster,35109,4,0.011393090090859892
90057,Los Angeles,44004,5,0.011362603399690937
91790,West Covina,44099,5,0.011338125581078936
90024,Los Angeles,44150,5,0.011325028312570781
94954,Petaluma,35419,4,0.011293373613032552
95821,Sacramento,35426,4,0.011291142099023316
93705,Fresno,35451,4,0.011283179600011283
90620,Buena Park,44442,5,0.011250618784033122
92008,Carlsbad,35582,4,0.011241639030970715
93446,Paso Robles,35586,4,0.011240375428539314
93305,Bakersfield,35643,4,0.0112223999102208
91941,La Mesa,44652,5,0.01119770670966586
94061,Redwood City,35737,4,0.011192881327475725
93901,Salinas,35739,4,0.01119225495956798
92084,Vista,44692,5,0.011187684596795847
93706,Fresno,35790,4,0.011176306230790724
95926,Chico,35808,4,0.011170688114387846
90043,Los Angeles,44764,5,0.01116968992940756
90007,Los Angeles,45025,5,0.01110494169905608
91789,Walnut,45118,5,0.011082051509375416
95401,Santa Rosa,36125,4,0.011072664359861591
92562,Murrieta,36149,4,0.011065313010041771
94520,Concord,36186,4,0.011053998784060133
91606,North Hollywood,45358,5,0.011023413730764143
92807,Anaheim,36301,4,0.011018980193383102
95050,Santa Clara,36349,4,0.011004429282786322
95843,Antelope,36432,4,0.010979358805445762
91733,South El Monte,45645,5,0.010954102311315588
94611,Oakland,36517,4,0.0109538023386368
94578,San Leandro,36568,4,0.010938525486764385
91601,North Hollywood,36625,4,0.010921501706484642
95062,Santa Cruz,36631,4,0.010919712811553055
94566,Pleasanton,36669,4,0.010908396738389375
93291,Visalia,36718,4,0.010893839533743668
95336,Manteca,36738,4,0.010887908977080953
92570,Perris,36817,4,0.010864546269386426
95136,San Jose,36944,4,0.010827197921177999
95820,Sacramento,37031,4,0.01080176068699198
91748,Rowland Heights,46342,5,0.010789348754909153
95120,San Jose,37090,4,0.010784578053383662
95121,San Jose,37127,4,0.010773830366040887
94590,Vallejo,37218,4,0.010747487774732657
91765,Diamond Bar,46532,5,0.010745293561420097
93215,Delano,37280,4,0.01072961373390558
91767,Pomona,46626,5,0.010723630592373355
91352,Sun Valley,46639,5,0.010720641523188747
93455,Santa Maria,37364,4,0.010705491917353602
92111,San Diego,46828,5,0.010677372512172205
90032,Los Angeles,46960,5,0.010647359454855196
95129,San Jose,37570,4,0.010646792653713068
90047,Los Angeles,47107,5,0.01061413378054217
90018,Los Angeles,47143,5,0.010606028466580405
90220,Compton,47305,5,0.010569707219110032
90630,Cypress,47344,5,0.010561000337952011
92706,Santa Ana,37879,4,0.01055994086433116
92869,Orange,37916,4,0.010549636037556704
94403,San Mateo,37926,4,0.010546854400674998
92113,San Diego,47431,5,0.01054162889249647
90023,Los Angeles,47487,5,0.01052919746456925
90065,Los Angeles,47534,5,0.010518786552783271
90638,La Mirada,47568,5,0.010511268079381096
95901,Marysville,38091,4,0.010501168254968366
91605,North Hollywood,57146,6,0.010499422531760753
90247,Gardena,47758,5,0.010469450144478412
93955,Seaside,38244,4,0.01045915699194645
92064,Poway,47969,5,0.010423398444828952
92505,Riverside,38446,4,0.010404203298132445
92530,Lake Elsinore,38519,4,0.010384485578545653
95624,Elk Grove,38534,4,0.01038044324492656
95695,Woodland,38547,4,0.010376942433911848
94117,San Francisco,38756,4,0.01032098255753948
95826,Sacramento,38818,4,0.010304497913339173
94044,Pacifica,38885,4,0.010286742960010286
94118,San Francisco,38955,4,0.010268258246694905
90027,Los Angeles,48727,5,0.010261251462228333
91786,Upland,48827,5,0.010240235935035943
94025,Menlo Park,39062,4,0.010240131073677742
94804,Richmond,39089,4,0.010233057893525034
91344,Granada Hills,48867,5,0.010231853807272802
93726,Fresno,39148,4,0.010217635639113109
92544,Hemet,39264,4,0.010187449062754686
94585,Suisun City,39279,4,0.010183558644568344
91304,Canoga Park,49242,5,0.010153933633889767
92025,Escondido,49281,5,0.01014589801343317
92886,Yorba Linda,39458,4,0.010137361244867962
90033,Los Angeles,49431,5,0.01011510995124517
94066,San Bruno,39566,4,0.010109690137997271
91764,Ontario,49474,5,0.010106318470307636
90806,Long Beach,49647,5,0.01007110197997865
90046,Los Angeles,49839,5,0.01003230401894099
94521,Concord,39888,4,0.01002807862013638
91406,Van Nuys,50047,5,0.00999060882770196
94134,San Francisco,40137,4,0.009965866905847472
94901,San Rafael,40239,4,0.009940604885807301
92103,San Diego,30202,3,0.009933117012118403
95403,Santa Rosa,40270,4,0.009932952570151478
94010,Burlingame,40346,4,0.009914241808357706
93292,Visalia,30395,3,0.009870044415199869
95380,Turlock,40545,4,0.009865581452706869
95132,San Jose,40568,4,0.0098599881680142
95210,Stockton,40611,4,0.009849548151978528
95628,Fair Oaks,40750,4,0.0098159509202454
93312,Bakersfield,40836,4,0.009795278675678323
92867,Orange,40915,4,0.009776365636074789
94596,Walnut Creek,40917,4,0.009775887772808368
92019,El Cajon,40995,4,0.009757287474082204
92612,Irvine,41062,4,0.009741366713749939
91405,Van Nuys,51348,5,0.009737477603801512
90221,Compton,51387,5,0.009730087376184639
92656,Aliso Viejo,41237,4,0.009700026675073355
90703,Cerritos,51556,5,0.009698192256963303
96003,Redding,41476,4,0.009644131545954287
92399,Yucaipa,41575,4,0.009621166566446182
91730,Rancho Cucamonga,51970,5,0.009620935154897056
95621,Citrus Heights,41636,4,0.009607070804111826
94546,Castro Valley,41698,4,0.009592786224758981
95037,Morgan Hill,41707,4,0.009590716186731244
92311,Barstow,31293,3,0.009586808551433228
94577,San Leandro,41871,4,0.009553151345800197
94606,Oakland,41876,4,0.009552010698251982
92688,Rancho Santa Margarita,42193,4,0.009480245538359444
94589,Vallejo,42209,4,0.009476651898884124
92040,Lakeside,42277,4,0.009461409276911796
92506,Riverside,42425,4,0.009428403064230996
94121,San Francisco,42476,4,0.009417082587814294
94560,Newark,42491,4,0.009413758207620438
94928,Rohnert Park,42544,4,0.009402030838661151
92037,La Jolla,42617,4,0.009385925804256517
93405,San Luis Obispo,31982,3,0.009380276405478082
90744,Wilmington,53323,5,0.00937681675824691
92648,Huntington Beach,42663,4,0.009375805733305206
95831,Sacramento,42832,4,0.009338812103100487
93010,Camarillo,42853,4,0.009334235642778802
94605,Oakland,42854,4,0.00933401782797405
91745,Hacienda Heights,53686,5,0.009313415043027977
94116,San Francisco,42959,4,0.009311203705859075
90005,Los Angeles,43019,4,0.009298217066877426
92009,Carlsbad,43161,4,0.009267625865943792
95060,Santa Cruz,43192,4,0.009260974254491572
91762,Ontario,54254,5,0.009215910347624139
92026,Escondido,43436,4,0.009208951100469657
92843,Garden Grove,43491,4,0.009197305189579452
93458,Santa Maria,43684,4,0.009156670634557275
95610,Citrus Heights,43718,4,0.009149549384692804
94583,San Ramon,44078,4,0.009074821906620083
95148,San Jose,44103,4,0.009069677799696165
92705,Santa Ana,44117,4,0.009066799646394815
90066,Los Angeles,55204,5,0.009057314687341498
90723,Paramount,55306,5,0.009040610422015694
90745,Carson,55486,5,0.009011282125220777
90063,Los Angeles,55668,5,0.008981820794711505
92410,San Bernardino,44556,4,0.008977466558937068
90002,Los Angeles,44586,4,0.008971426008163998
93304,Bakersfield,44588,4,0.008971023593792052
95822,Sacramento,44683,4,0.008951950406194748
93277,Visalia,44741,4,0.008940345544355289
92879,Corona,44875,4,0.008913649025069638
91977,Spring Valley,56100,5,0.008912655971479501
93308,Bakersfield,44915,4,0.00890571078704219
95008,Campbell,44976,4,0.008893632159373888
91761,Ontario,56280,5,0.008884150675195452
92802,Anaheim,45086,4,0.008871933637936388
93720,Fresno,45087,4,0.008871736864284606
95124,San Jose,45257,4,0.008838411737410786
90037,Los Angeles,56709,5,0.008816942636971204
94303,Palo Alto,45499,4,0.008791402008835358
91343,North Hills,57017,5,0.008769314414999035
95240,Lodi,45755,4,0.00874221396568681
92833,Fullerton,46105,4,0.008675848606441819
95125,San Jose,46185,4,0.008660820612753058
92557,Moreno Valley,46214,4,0.008655385813822651
91702,Azusa,57775,5,0.008654262224145393
92692,Mission Viejo,46227,4,0.00865295173816168
92691,Mission Viejo,46371,4,0.00862608095576977
92504,Riverside,46550,4,0.008592910848549946
90003,Los Angeles,58198,5,0.008591360527853191
90034,Los Angeles,58218,5,0.008588409083101448
94553,Martinez,46677,4,0.00856953103241425
93611,Clovis,46858,4,0.008536429211660763
93003,Ventura,46894,4,0.008529875890305795
90731,San Pedro,58639,5,0.008526748409761422
94539,Fremont,46917,4,0.00852569431123047
90016,Los Angeles,46984,4,0.008513536523071684
95758,Elk Grove,47065,4,0.008498884521406565
92024,Encinitas,47126,4,0.008487883546237746
92102,San Diego,47140,4,0.00848536274925753
91351,Canyon Country,59259,5,0.008437536914224
94014,Daly City,47453,4,0.008429393294417635
95351,Modesto,47536,4,0.00841467519353753
95355,Modesto,47613,4,0.008401066935500807
93702,Fresno,47999,4,0.008333506948061417
92870,Placentia,48170,4,0.008303923603902844
92626,Costa Mesa,48207,4,0.008297550148318709
92653,Laguna Hills,48273,4,0.008286205539328403
92507,Riverside,48649,4,0.008222162839935045
92374,Redlands,36675,3,0.008179959100204498
93063,Simi Valley,49027,4,0.008158769657535644
93638,Madera,49247,4,0.008122322171908948
91770,Rosemead,61623,5,0.008113853593625757
93536,Lancaster,49309,4,0.008112109351234055
92407,San Bernardino,49355,4,0.008104548677945496
95206,Stockton,49657,4,0.008055259077270073
95670,Rancho Cordova,49729,4,0.008043596291902108
91950,National City,62355,5,0.008018603159329644
90640,Montebello,62425,5,0.008009611533840609
95207,Stockton,49965,4,0.008005603922745921
95020,Gilroy,49968,4,0.008005123278898494
93117,Goleta,49975,4,0.0080040020010005
94087,Sunnyvale,50070,4,0.00798881565807869
91732,El Monte,62660,5,0.007979572294924991
90006,Los Angeles,62784,5,0.0079638124362895
90813,Long Beach,63136,5,0.007919412062848455
90660,Pico Rivera,63288,5,0.007900391859436228
92840,Garden Grove,50641,4,0.007898738176576292
94591,Vallejo,51665,4,0.007742185231781671
95116,San Jose,51706,4,0.007736046106834796
90042,Los Angeles,64672,5,0.007731321128154379
95630,Folsom,51855,4,0.007713817375373638
92324,Colton,52202,4,0.007662541665070304
95112,San Jose,52334,4,0.007643214736118012
92069,San Marcos,52664,4,0.007595321282090233
95350,Modesto,52872,4,0.007565441065214102
95051,Santa Clara,52986,4,0.007549163930094743
93230,Hanford,53204,4,0.007518231711901361
91709,Chino Hills,66754,5,0.007490187853911376
92114,San Diego,66838,5,0.0074807744097669
93306,Bakersfield,53481,4,0.007479291711074962
92404,San Bernardino,53636,4,0.007457677679170706
90631,La Habra,67354,5,0.007423464085280756
93906,Salinas,53946,4,0.007414822229637045
90004,Los Angeles,67852,5,0.007368979543712787
91801,Alhambra,54382,4,0.007355374940237578
91335,Reseda,68018,5,0.0073509953247669745
95014,Cupertino,54431,4,0.007348753467693043
90001,Los Angeles,54492,4,0.007340527049842179
92708,Fountain Valley,54548,4,0.007332991127080736
92336,Fontana,54586,4,0.007327886271205071
93727,Fresno,54701,4,0.00731248057622347
94601,Oakland,54876,4,0.007289161017566878
95828,Sacramento,54880,4,0.007288629737609329
90022,Los Angeles,68701,5,0.007277914440837834
92780,Tustin,55062,4,0.007264538156986669
92020,El Cajon,55277,4,0.007236282721565931
94122,San Francisco,55504,4,0.007206687806284232
94806,San Pablo,55720,4,0.007178750897343863
90262,Lynwood,69850,5,0.0071581961345740875
91766,Pomona,69974,5,0.007145511189870524
93274,Tulare,56101,4,0.007129997682750753
94538,Fremont,56126,4,0.0071268217938210456
92201,Indio,56307,4,0.007103912479798249
94109,San Francisco,56330,4,0.007101011894194923
92646,Huntington Beach,56517,4,0.007077516499460338
92115,San Diego,56887,4,0.0070314834672244985
91911,Chula Vista,71126,5,0.007029778140201896
95111,San Jose,57748,4,0.006926646810279144
93535,Lancaster,57794,4,0.006921133681697062
92701,Santa Ana,58157,4,0.006877933868665853
90706,Bellflower,72893,5,0.006859369212407227
93905,Salinas,58548,4,0.0068320010931201755
94501,Alameda,58555,4,0.006831184356587823
93309,Bakersfield,58632,4,0.006822213125938055
92647,Huntington Beach,58764,4,0.006806888571234088
95608,Carmichael,58830,4,0.00679925208227095
90026,Los Angeles,73686,5,0.006785549493798008
92630,Lake Forest,59176,4,0.00675949709341625
93307,Bakersfield,59195,4,0.006757327476982854
95340,Merced,59289,4,0.006746614043077131
95123,San Jose,59632,4,0.006707807888382077
95122,San Jose,59841,4,0.006684380274393811
91710,Chino,75319,5,0.006638431205937413
94541,Hayward,60274,4,0.006636360619836083
92882,Corona,60294,4,0.006634159286164461
92801,Anaheim,60553,4,0.0066057833633346
94080,South San Francisco,60599,4,0.006600768989587287
95127,San Jose,60620,4,0.006598482349059716
93722,Fresno,60889,4,0.006569331077862998
92553,Moreno Valley,61205,4,0.006535413773384527
91706,Baldwin Park,76890,5,0.006502796202367018
92021,El Cajon,61872,4,0.0064649599172485125
92083,Vista,62036,4,0.0064478689793023404
92627,Costa Mesa,62069,4,0.006444440864199519
92677,Laguna Niguel,62103,4,0.006440912677326377
90255,Huntington Park,78114,5,0.006400901246895563
92057,Oceanside,46893,3,0.006397543343356151
92707,Santa Ana,62634,4,0.00638630775617077
95035,Milpitas,62848,4,0.0063645621181262725
95687,Vacaville,63157,4,0.006333423056826638
92392,Victorville,63235,4,0.006325610816794497
94015,Daly City,63337,4,0.006315423843882722
92104,San Diego,47689,3,0.006290758875212313
94558,Napa,63947,4,0.006255180070996294
92509,Riverside,63999,4,0.006250097657775902
94086,Sunnyvale,64010,4,0.0062490235900640526
92346,Highland,48245,3,0.006218260959684942
93065,Simi Valley,64802,4,0.006172648992315052
93257,Porterville,65566,4,0.006100722935667877
91342,Sylmar,81986,5,0.006098602200375674
96150,South Lake Tahoe,33038,2,0.006053635207942369
94587,Union City,66472,4,0.006017571308220003
94536,Fremont,66543,4,0.0060111506845197836
93550,Palmdale,67232,4,0.005949547834364588
95616,Davis,67411,4,0.005933749684769548
90019,Los Angeles,67520,4,0.0059241706161137445
92345,Hesperia,68515,4,0.005838137634094724
92154,San Diego,68776,4,0.00581598231941375
92805,Anaheim,68802,4,0.005813784483009215
93436,Lompoc,51737,3,0.005798558091887817
95376,Tracy,69801,4,0.0057305769258320085
90044,Los Angeles,87383,5,0.0057219367611549155
92703,Santa Ana,70011,4,0.005713387896187742
92056,Oceanside,52895,3,0.0056716135740618205
92071,Santee,53510,3,0.005606428704914969
92503,Riverside,71678,4,0.005580512849130835
95823,Sacramento,72199,4,0.005540242939652904
94544,Hayward,72993,4,0.005479977532092118
94112,San Francisco,73117,4,0.005470683972263632
90805,Long Beach,91664,5,0.005454704136847618
91910,Chula Vista,74025,4,0.0054035798716649775
94110,San Francisco,74641,4,0.00535898500823944
90250,Hawthorne,93315,5,0.005358195359802818
92376,Rialto,75882,4,0.005271342347328747
94550,Livermore,75929,4,0.005268079389956407
90280,South Gate,96267,5,0.005193887832798363
94533,Fairfield,77683,4,0.005149131727662423
93033,Oxnard,77791,4,0.005141983005746166
91331,Pacoima,97318,5,0.0051377956801413925
92054,Oceanside,98239,5,0.0050896283553374935
94565,Pittsburg,78816,4,0.005075111652456354
93030,Oxnard,79736,4,0.005016554630279924
90011,Los Angeles,101215,5,0.004939979252087141
95076,Watsonville,81141,4,0.0049296902922073916
92804,Anaheim,81333,4,0.004918052942839929
90650,Norwalk,103214,5,0.004844304067277695
92335,Fontana,82630,4,0.0048408568316592035
90201,Bell,105285,5,0.004749014579474759
91744,La Puente,84965,4,0.004707820867415995
92683,Westminster,88230,4,0.004533605349654313
94509,Antioch,90891,4,0.004400875774279082
92704,Santa Ana,91188,4,0.004386542088871343
93711,Fresno,36274,1,0.0027567955009097428
92105,San Diego,73006,2,0.002739500862942772
90020,未知城市,42394,0,0.0
91743,未知城市,13,0,0.0
91402,未知城市,66249,0,0.0
96115,未知城市,124,0,0.0
92277,未知城市,17178,0,0.0
95913,未知城市,218,0,0.0
92280,未知城市,50,0,0.0
95419,未知城市,436,0,0.0
93640,未知城市,9174,0,0.0
93920,未知城市,1006,0,0.0
95023,未知城市,47514,0,0.0
95972,未知城市,140,0,0.0
95221,未知城市,676,0,0.0
95387,未知城市,899,0,0.0
95389,未知城市,1750,0,0.0
95424,未知城市,103,0,0.0
93555,未知城市,29782,0,0.0
95480,未知城市,30,0,0.0
95481,未知城市,109,0,0.0
95502,未知城市,183,0,0.0
95531,未知城市,23792,0,0.0
95589,未知城市,743,0,0.0
95613,未知城市,49,0,0.0
95676,未知城市,383,0,0.0
93562,未知城市,1991,0,0.0
93545,未知城市,1910,0,0.0
92307,未知城市,31876,0,0.0
93216,未知城市,4425,0,0.0
92317,未知城市,2150,0,0.0
92318,未知城市,227,0,0.0
92323,未知城市,40,0,0.0
92365,未知城市,2899,0,0.0
92389,未知城市,117,0,0.0
96064,未知城市,4592,0,0.0
95836,未知城市,16,0,0.0
93252,未知城市,4357,0,0.0
93527,未知城市,2213,0,0.0
93255,未知城市,655,0,0.0
96041,未知城市,2511,0,0.0
93272,未知城市,2951,0,0.0
93282,未知城市,63,0,0.0
93435,未知城市,28,0,0.0
96032,未知城市,2345,0,0.0
93447,未知城市,804,0,0.0
96161,未知城市,15783,0,0.0
