antecedents,consequents,antecedent support,consequent support,support,confidence,lift,representativity,leverage,conviction,zhangs_metric,jaccard,certainty,kulczynski,antecedent_len
frozenset({'音樂節目_Yes'}),"frozenset({'電影節目_Yes', '網路服務_Yes'})",0.3521836506159014,0.3877379619260918,0.3303471444568869,0.9379968203497616,2.4191513662738977,1.0,0.1937921735433864,9.874687742268923,0.90555278847985,0.8065618591934381,0.8987309749836982,0.8949911899582743,1
"frozenset({'音樂節目_Yes', '網路服務_Yes'})",frozenset({'電影節目_Yes'}),0.3521836506159014,0.3877379619260918,0.3303471444568869,0.9379968203497616,2.4191513662738977,1.0,0.1937921735433864,9.874687742268923,0.90555278847985,0.8065618591934381,0.8987309749836982,0.8949911899582743,2
frozenset({'電影節目_Yes'}),"frozenset({'音樂節目_Yes', '網路服務_Yes'})",0.3877379619260918,0.3521836506159014,0.3303471444568869,0.851985559566787,2.4191513662738977,1.0,0.1937921735433864,4.376710458034031,0.9581386157029598,0.8065618591934381,0.7715178992102694,0.8949911899582743,1
"frozenset({'電影節目_Yes', '網路服務_Yes'})",frozenset({'音樂節目_Yes'}),0.3877379619260918,0.3521836506159014,0.3303471444568869,0.851985559566787,2.4191513662738977,1.0,0.1937921735433864,4.376710458034031,0.9581386157029598,0.8065618591934381,0.7715178992102694,0.8949911899582743,2
frozenset({'電影節目_No'}),"frozenset({'音樂節目_No', '網路服務_Yes'})",0.4081746920492721,0.4437290033594624,0.3863381858902575,0.9465020576131687,2.1330633121730216,1.0,0.2052192365906785,10.39798862951159,0.8975463781827158,0.8298256163559832,0.9038275539981072,0.908582259090496,1
"frozenset({'電影節目_No', '網路服務_Yes'})",frozenset({'音樂節目_No'}),0.4081746920492721,0.4437290033594624,0.3863381858902575,0.9465020576131687,2.1330633121730216,1.0,0.2052192365906785,10.39798862951159,0.8975463781827158,0.8298256163559832,0.9038275539981072,0.908582259090496,2
frozenset({'音樂節目_No'}),"frozenset({'電影節目_No', '網路服務_Yes'})",0.4437290033594624,0.4081746920492721,0.3863381858902575,0.8706624605678234,2.1330633121730216,1.0,0.2052192365906785,4.575820063911726,0.9549134592240872,0.8298256163559832,0.7814599381023014,0.908582259090496,1
"frozenset({'音樂節目_No', '網路服務_Yes'})",frozenset({'電影節目_No'}),0.4437290033594624,0.4081746920492721,0.3863381858902575,0.8706624605678234,2.1330633121730216,1.0,0.2052192365906785,4.575820063911726,0.9549134592240872,0.8298256163559832,0.7814599381023014,0.908582259090496,2
frozenset({'音樂節目_No'}),"frozenset({'電影節目_No', '電話服務_Yes', '網路服務_Yes'})",0.4437290033594624,0.3541433370660694,0.333986562150056,0.7526813880126184,2.125358037929702,1.0,0.1768428921473348,2.6114357417098994,0.9518580749726534,0.7199758599879301,0.6170688851240022,0.8478821959825937,1
"frozenset({'音樂節目_No', '網路服務_Yes'})","frozenset({'電影節目_No', '電話服務_Yes'})",0.4437290033594624,0.3541433370660694,0.333986562150056,0.7526813880126184,2.125358037929702,1.0,0.1768428921473348,2.6114357417098994,0.9518580749726534,0.7199758599879301,0.6170688851240022,0.8478821959825937,2
frozenset({'音樂節目_No'}),"frozenset({'無限資料下載_Yes', '電影節目_No', '網路服務_Yes'})",0.4437290033594624,0.3499440089585666,0.3289473684210526,0.7413249211356467,2.118410094637224,1.0,0.173667062094253,2.513021331221152,0.949083939221964,0.707831325301205,0.602072617698764,0.8406624605678235,1
"frozenset({'音樂節目_No', '網路服務_Yes'})","frozenset({'無限資料下載_Yes', '電影節目_No'})",0.4437290033594624,0.3499440089585666,0.3289473684210526,0.7413249211356467,2.118410094637224,1.0,0.173667062094253,2.513021331221152,0.949083939221964,0.707831325301205,0.602072617698764,0.8406624605678235,2
frozenset({'電影節目_No'}),"frozenset({'無限資料下載_Yes', '音樂節目_No', '網路服務_Yes'})",0.4081746920492721,0.3807390817469205,0.3289473684210526,0.8058984910836764,2.1166686839344795,1.0,0.1735393109778807,3.1903972396218747,0.8914108577064758,0.7151552038953135,0.6865594078439837,0.8349345396594853,1
"frozenset({'電影節目_No', '網路服務_Yes'})","frozenset({'無限資料下載_Yes', '音樂節目_No'})",0.4081746920492721,0.3807390817469205,0.3289473684210526,0.8058984910836764,2.1166686839344795,1.0,0.1735393109778807,3.1903972396218747,0.8914108577064758,0.7151552038953135,0.6865594078439837,0.8349345396594853,2
frozenset({'電影節目_No'}),"frozenset({'音樂節目_No', '電話服務_Yes', '網路服務_Yes'})",0.4081746920492721,0.3871780515117581,0.333986562150056,0.818244170096022,2.1133537061337604,1.0,0.1759502802060069,3.371676984512668,0.8901586913888254,0.7239077669902915,0.7034116836834128,0.8404308341441789,1
"frozenset({'電影節目_No', '網路服務_Yes'})","frozenset({'音樂節目_No', '電話服務_Yes'})",0.4081746920492721,0.3871780515117581,0.333986562150056,0.818244170096022,2.1133537061337604,1.0,0.1759502802060069,3.371676984512668,0.8901586913888254,0.7239077669902915,0.7034116836834128,0.8404308341441789,2
frozenset({'網路連線類型_Fiber Optic'}),"frozenset({'線上安全服務_No', '電話服務_Yes', '網路服務_Yes'})",0.4400895856662934,0.4608062709966405,0.3303471444568869,0.7506361323155216,1.6289624937005125,1.0,0.1275511035815456,2.1622768928400027,0.6895966101694916,0.5789990186457311,0.537524540306876,0.7337627806170561,1
frozenset({'網路連線類型_Fiber Optic'}),"frozenset({'線上安全服務_No', '電話服務_Yes'})",0.4400895856662934,0.4608062709966405,0.3303471444568869,0.7506361323155216,1.6289624937005125,1.0,0.1275511035815456,2.1622768928400027,0.6895966101694916,0.5789990186457311,0.537524540306876,0.7337627806170561,1
"frozenset({'線上安全服務_No', '電話服務_Yes'})","frozenset({'網路服務_Yes', '網路連線類型_Fiber Optic'})",0.4608062709966405,0.4400895856662934,0.3303471444568869,0.7168894289185905,1.6289624937005125,1.0,0.1275511035815456,1.9777093175821483,0.7160920147139059,0.5789990186457311,0.4943645200486026,0.7337627806170561,2
"frozenset({'線上安全服務_No', '電話服務_Yes'})",frozenset({'網路連線類型_Fiber Optic'}),0.4608062709966405,0.4400895856662934,0.3303471444568869,0.7168894289185905,1.6289624937005125,1.0,0.1275511035815456,1.9777093175821483,0.7160920147139059,0.5789990186457311,0.4943645200486026,0.7337627806170561,2
frozenset({'網路連線類型_Fiber Optic'}),"frozenset({'支付帳單方式_Bank Withdrawal', '電話服務_Yes', '網路服務_Yes'})",0.4400895856662934,0.4468085106382978,0.3157894736842105,0.7175572519083969,1.6059614685568884,1.0,0.1191537013652283,1.9585968947671075,0.6738936170212766,0.5529411764705882,0.4894304169113329,0.712162084600815,1
"frozenset({'支付帳單方式_Bank Withdrawal', '電話服務_Yes', '網路服務_Yes'})",frozenset({'網路連線類型_Fiber Optic'}),0.4468085106382978,0.4400895856662934,0.3157894736842105,0.706766917293233,1.605961468556888,1.0,0.1191537013652283,1.9094380796508448,0.6820785597381341,0.5529411764705882,0.4762857142857142,0.712162084600815,3
"frozenset({'無紙化計費_Yes', '電話服務_Yes', '網路服務_Yes'})",frozenset({'網路連線類型_Fiber Optic'}),0.4879619260918253,0.4400895856662934,0.3429451287793953,0.7028112449799198,1.5969731342673494,1.0,0.1281981669047174,1.8840228806634185,0.730053893618683,0.5861244019138756,0.4692208835341366,0.7410366657469574,3
frozenset({'網路連線類型_Fiber Optic'}),"frozenset({'無紙化計費_Yes', '電話服務_Yes', '網路服務_Yes'})",0.4400895856662934,0.4879619260918253,0.3429451287793953,0.7792620865139949,1.5969731342673492,1.0,0.1281981669047174,2.3196652800681568,0.6676342857142857,0.5861244019138756,0.568903320408961,0.7410366657469574,1
frozenset({'設備保護計劃_No'}),"frozenset({'合約類型_Month-to-Month', '網路服務_Yes'})",0.4510078387458007,0.4526875699888018,0.3247480403135498,0.7200496585971445,1.5906106249282626,1.0,0.1205823977458119,1.9550339794856764,0.6763495929240887,0.5609284332688588,0.488499938879284,0.7187137594160737,1
"frozenset({'合約類型_Month-to-Month', '網路服務_Yes'})",frozenset({'設備保護計劃_No'}),0.4526875699888018,0.4510078387458007,0.3247480403135498,0.717377860235003,1.5906106249282623,1.0,0.1205823977458119,1.942495240148884,0.6784253461504541,0.5609284332688588,0.4851982237426981,0.7187137594160737,2
frozenset({'網路連線類型_Fiber Optic'}),"frozenset({'技術支援計劃_No', '電話服務_Yes', '網路服務_Yes'})",0.4400895856662934,0.4552071668533035,0.3171892497200448,0.7207379134860051,1.583318466772454,1.0,0.1168573162672471,1.9508299173271229,0.6579894086496029,0.5486682808716706,0.4873976500370043,0.7087699407528427,1
frozenset({'網路連線類型_Fiber Optic'}),"frozenset({'技術支援計劃_No', '電話服務_Yes'})",0.4400895856662934,0.4552071668533035,0.3171892497200448,0.7207379134860051,1.583318466772454,1.0,0.1168573162672471,1.9508299173271229,0.6579894086496029,0.5486682808716706,0.4873976500370043,0.7087699407528427,1
"frozenset({'合約類型_Month-to-Month', '無限資料下載_Yes'})",frozenset({'技術支援計劃_No'}),0.3868980963045912,0.5120380739081747,0.3132698768197088,0.8096960926193922,1.5813200890303276,1.0,0.1151633207891664,2.564119322657425,0.5996017318137118,0.5348948374760994,0.6100025489595348,0.7107529123567163,2
"frozenset({'合約類型_Month-to-Month', '無限資料下載_Yes'})","frozenset({'技術支援計劃_No', '網路服務_Yes'})",0.3868980963045912,0.5120380739081747,0.3132698768197088,0.8096960926193922,1.5813200890303276,1.0,0.1151633207891664,2.564119322657425,0.5996017318137118,0.5348948374760994,0.6100025489595348,0.7107529123567163,2
"frozenset({'合約類型_Month-to-Month', '網路服務_Yes'})",frozenset({'技術支援計劃_No'}),0.4526875699888018,0.5120380739081747,0.3656215005599104,0.8076685219542363,1.57736028453829,1.0,0.1338282291406723,2.5370882137957618,0.668776020961684,0.6102803738317757,0.6058473668505635,0.7608599580793598,2
frozenset({'技術支援計劃_No'}),"frozenset({'合約類型_Month-to-Month', '網路服務_Yes'})",0.5120380739081747,0.4526875699888018,0.3656215005599104,0.7140513942044834,1.57736028453829,1.0,0.1338282291406723,1.9140237753164089,0.7501188301664327,0.6102803738317757,0.4775404501782172,0.7608599580793598,1
"frozenset({'合約類型_Month-to-Month', '網路服務_Yes'})","frozenset({'技術支援計劃_No', '電話服務_Yes'})",0.4526875699888018,0.4552071668533035,0.3241881298992161,0.7161410018552876,1.5732199622552812,1.0,0.1181215036949071,1.9192374971638528,0.6657275751030306,0.5553956834532374,0.4789597423571878,0.7141590618132527,2
frozenset({'線上備份服務_No'}),"frozenset({'合約類型_Month-to-Month', '網路服務_Yes'})",0.4454087346024636,0.4526875699888018,0.3124300111982083,0.7014456316781899,1.5495137887164467,1.0,0.1107990134792319,1.833208581363824,0.6394552007512225,0.5334608030592736,0.4545083357311991,0.6958063037797257,1
"frozenset({'合約類型_Month-to-Month', '電話服務_Yes', '網路服務_Yes'})",frozenset({'線上安全服務_No'}),0.4020156774916013,0.5167973124300111,0.3211086226203807,0.7987465181058496,1.545570185630604,1.0,0.113348000937991,2.4009656032889417,0.5902990703643115,0.5372365339578455,0.583500905373172,0.7100449816964784,3
"frozenset({'合約類型_Month-to-Month', '網路服務_Yes'})",frozenset({'線上安全服務_No'}),0.4526875699888018,0.5167973124300111,0.3608622620380739,0.7971552257266543,1.54249104349708,1.0,0.1269145424973886,2.3821303225630244,0.6425909575217413,0.5929162833486662,0.580207686150411,0.7477108739684193,2
"frozenset({'合約類型_Month-to-Month', '網路服務_Yes'})","frozenset({'線上安全服務_No', '電話服務_Yes'})",0.4526875699888018,0.4608062709966405,0.3211086226203807,0.7093382807668522,1.5393416396714437,1.0,0.1125073515673102,1.8550558719115584,0.6401675002285514,0.5420604914933839,0.4609326785561766,0.7030895535061479,2
"frozenset({'合約類型_Month-to-Month', '無限資料下載_Yes'})","frozenset({'線上安全服務_No', '網路服務_Yes'})",0.3868980963045912,0.5167973124300111,0.3071108622620381,0.7937771345875543,1.53595445544244,1.0,0.1071629659075377,2.343109172707805,0.5691370820377702,0.5147817925856406,0.5732166423793418,0.6940174947043947,2
"frozenset({'合約類型_Month-to-Month', '無限資料下載_Yes'})",frozenset({'線上安全服務_No'}),0.3868980963045912,0.5167973124300111,0.3071108622620381,0.7937771345875543,1.53595445544244,1.0,0.1071629659075377,2.343109172707805,0.5691370820377702,0.5147817925856406,0.5732166423793418,0.6940174947043947,2
frozenset({'網路連線類型_Fiber Optic'}),frozenset({'線上安全服務_No'}),0.4400895856662934,0.5167973124300111,0.3303471444568869,0.7506361323155216,1.4524768497459608,1.0,0.1029100293561093,1.9377413899490368,0.5563762711864407,0.5272564789991063,0.4839352634015315,0.6949280336550523,1
frozenset({'網路連線類型_Fiber Optic'}),"frozenset({'線上安全服務_No', '網路服務_Yes'})",0.4400895856662934,0.5167973124300111,0.3303471444568869,0.7506361323155216,1.4524768497459608,1.0,0.1029100293561093,1.9377413899490368,0.5563762711864407,0.5272564789991063,0.4839352634015315,0.6949280336550523,1
"frozenset({'技術支援計劃_No', '電話服務_Yes'})","frozenset({'線上安全服務_No', '網路服務_Yes'})",0.4552071668533035,0.5167973124300111,0.3407054871220604,0.7484624846248462,1.44827085323941,1.0,0.1054556466933935,1.9209965036401024,0.5681451786569336,0.5396895787139689,0.4794368453533897,0.7038628782820873,2
"frozenset({'技術支援計劃_No', '電話服務_Yes', '網路服務_Yes'})",frozenset({'線上安全服務_No'}),0.4552071668533035,0.5167973124300111,0.3407054871220604,0.7484624846248462,1.44827085323941,1.0,0.1054556466933935,1.9209965036401024,0.5681451786569336,0.5396895787139689,0.4794368453533897,0.7038628782820873,3
frozenset({'設備保護計劃_No'}),"frozenset({'技術支援計劃_No', '網路服務_Yes'})",0.4510078387458007,0.5120380739081747,0.3342665173572228,0.7411545623836127,1.4474598670498986,1.0,0.1033333322883344,1.8851478727432387,0.563094667626762,0.5316117542297417,0.4695376344430662,0.6969851543465357,1
"frozenset({'設備保護計劃_No', '網路服務_Yes'})",frozenset({'技術支援計劃_No'}),0.4510078387458007,0.5120380739081747,0.3342665173572228,0.7411545623836127,1.4474598670498986,1.0,0.1033333322883344,1.8851478727432387,0.563094667626762,0.5316117542297417,0.4695376344430662,0.6969851543465357,2
"frozenset({'線上安全服務_No', '電話服務_Yes'})","frozenset({'技術支援計劃_No', '網路服務_Yes'})",0.4608062709966405,0.5120380739081747,0.3407054871220604,0.7393681652490887,1.4439710695843329,1.0,0.1047551316761322,1.8722268772660708,0.570231686620232,0.5389725420726307,0.4658766989499396,0.7023795446256378,2
"frozenset({'線上安全服務_No', '電話服務_Yes', '網路服務_Yes'})",frozenset({'技術支援計劃_No'}),0.4608062709966405,0.5120380739081747,0.3407054871220604,0.7393681652490887,1.4439710695843329,1.0,0.1047551316761322,1.8722268772660708,0.570231686620232,0.5389725420726307,0.4658766989499396,0.7023795446256378,3
frozenset({'網路連線類型_Fiber Optic'}),"frozenset({'支付帳單方式_Bank Withdrawal', '網路服務_Yes'})",0.4400895856662934,0.4997200447928331,0.3157894736842105,0.7175572519083969,1.4359184895332178,1.0,0.0958678862221909,1.7712614630307797,0.5421968085106381,0.5060565275908478,0.4354306120966948,0.6747450125088204,1
frozenset({'技術支援計劃_No'}),"frozenset({'線上安全服務_No', '網路服務_Yes'})",0.5120380739081747,0.5167973124300111,0.3798992161254199,0.7419354838709677,1.4356411421381892,1.0,0.1152793156678358,1.8724104143337068,0.6218663473770861,0.5854184641932701,0.4659290546854559,0.7385192045573691,1
"frozenset({'技術支援計劃_No', '網路服務_Yes'})",frozenset({'線上安全服務_No'}),0.5120380739081747,0.5167973124300111,0.3798992161254199,0.7419354838709677,1.4356411421381892,1.0,0.1152793156678358,1.8724104143337068,0.6218663473770861,0.5854184641932701,0.4659290546854559,0.7385192045573691,2
frozenset({'線上安全服務_No'}),"frozenset({'技術支援計劃_No', '網路服務_Yes'})",0.5167973124300111,0.5120380739081747,0.3798992161254199,0.7351029252437704,1.4356411421381892,1.0,0.1152793156678358,1.842081217925378,0.6279913345760492,0.5854184641932701,0.4571357710675547,0.7385192045573691,1
"frozenset({'線上安全服務_No', '網路服務_Yes'})",frozenset({'技術支援計劃_No'}),0.5167973124300111,0.5120380739081747,0.3798992161254199,0.7351029252437704,1.4356411421381892,1.0,0.1152793156678358,1.842081217925378,0.6279913345760492,0.5854184641932701,0.4571357710675547,0.7385192045573691,2
frozenset({'網路連線類型_Fiber Optic'}),"frozenset({'無紙化計費_Yes', '網路服務_Yes'})",0.4400895856662934,0.5431131019036954,0.3429451287793953,0.7792620865139949,1.4348062747566956,1.0,0.1039267087926626,2.0698161493008373,0.5412326530612245,0.5356362046348929,0.5168653021004839,0.7053526927415334,1
frozenset({'網路連線類型_Fiber Optic'}),"frozenset({'電話服務_Yes', '網路服務_Yes'})",0.4400895856662934,0.7018477043673013,0.4400895856662934,1.0,1.424810530514559,1.0,0.1312137202504485,inf,0.5324999999999999,0.6270442760271241,1.0,0.813522138013562,1
"frozenset({'無限資料下載_Yes', '多線路服務_Yes'})","frozenset({'電話服務_Yes', '網路服務_Yes'})",0.3286674132138857,0.7018477043673013,0.3286674132138857,1.0,1.424810530514559,1.0,0.0979929437493808,inf,0.4441201000834028,0.4682887913841244,1.0,0.7341443956920621,2
frozenset({'線上備份服務_No'}),"frozenset({'技術支援計劃_No', '網路服務_Yes'})",0.4454087346024636,0.5120380739081747,0.3241881298992161,0.7278441231929604,1.4214648485758636,1.0,0.0961218993314933,1.7929501718524117,0.5346286265288811,0.5119363395225466,0.4422600160902207,0.6804884913395093,1
"frozenset({'線上備份服務_No', '網路服務_Yes'})",frozenset({'技術支援計劃_No'}),0.4454087346024636,0.5120380739081747,0.3241881298992161,0.7278441231929604,1.4214648485758636,1.0,0.0961218993314933,1.7929501718524117,0.5346286265288811,0.5119363395225466,0.4422600160902207,0.6804884913395093,2
frozenset({'網路連線類型_Fiber Optic'}),"frozenset({'無限資料下載_Yes', '電話服務_Yes'})",0.4400895856662934,0.6052631578947368,0.3779395296752519,0.8587786259541984,1.4188516428808495,1.0,0.1115695172982849,2.795163584637268,0.5272355555555556,0.5662751677852348,0.642239185750636,0.7416002287957857,1
frozenset({'網路連線類型_Fiber Optic'}),"frozenset({'無限資料下載_Yes', '電話服務_Yes', '網路服務_Yes'})",0.4400895856662934,0.6052631578947368,0.3779395296752519,0.8587786259541984,1.4188516428808495,1.0,0.1115695172982849,2.795163584637268,0.5272355555555556,0.5662751677852348,0.642239185750636,0.7416002287957857,1
frozenset({'網路連線類型_Fiber Optic'}),"frozenset({'無紙化計費_Yes', '電話服務_Yes'})",0.4400895856662934,0.5492721164613662,0.3429451287793953,0.7792620865139949,1.418717723255856,1.0,0.1012161906278646,2.041914215915655,0.5271167346938775,0.530532698137722,0.5102634615080681,0.7018124907595459,1
"frozenset({'多線路服務_Yes', '網路服務_Yes'})","frozenset({'無限資料下載_Yes', '電話服務_Yes'})",0.3840985442329227,0.6052631578947368,0.3286674132138857,0.8556851311953353,1.4137406515401192,1.0,0.0961867153886956,2.73524720893142,0.4751680346910329,0.4974576271186441,0.6344023323615161,0.6993504286873994,2
frozenset({'網路連線類型_Fiber Optic'}),"frozenset({'支付帳單方式_Bank Withdrawal', '電話服務_Yes'})",0.4400895856662934,0.5086786114221724,0.3157894736842105,0.7175572519083969,1.4106298865254785,1.0,0.0919253143461212,1.7395432946944704,0.5198989361702129,0.4988942945599292,0.4251364694112786,0.6691803870989426,1
frozenset({'線上備份服務_No'}),"frozenset({'線上安全服務_No', '網路服務_Yes'})",0.4454087346024636,0.5167973124300111,0.324468085106383,0.7284726587052168,1.4095906483721747,1.0,0.0942820481309776,1.7795728609348431,0.5239429454711912,0.5087796312554874,0.4380674026043074,0.6781583228520667,1
"frozenset({'線上備份服務_No', '網路服務_Yes'})",frozenset({'線上安全服務_No'}),0.4454087346024636,0.5167973124300111,0.324468085106383,0.7284726587052168,1.4095906483721747,1.0,0.0942820481309776,1.7795728609348431,0.5239429454711912,0.5087796312554874,0.4380674026043074,0.6781583228520667,2
frozenset({'網路連線類型_Fiber Optic'}),frozenset({'技術支援計劃_No'}),0.4400895856662934,0.5120380739081747,0.3171892497200448,0.7207379134860051,1.4075865647741992,1.0,0.0918466259284292,1.7473260770304089,0.517161518093557,0.4995590828924162,0.4276969747401092,0.6701010507834618,1
frozenset({'網路連線類型_Fiber Optic'}),"frozenset({'技術支援計劃_No', '網路服務_Yes'})",0.4400895856662934,0.5120380739081747,0.3171892497200448,0.7207379134860051,1.4075865647741992,1.0,0.0918466259284292,1.7473260770304089,0.517161518093557,0.4995590828924162,0.4276969747401092,0.6701010507834618,1
frozenset({'設備保護計劃_No'}),"frozenset({'線上安全服務_No', '網路服務_Yes'})",0.4510078387458007,0.5167973124300111,0.3255879059350504,0.7219118559900682,1.3968955306590054,1.0,0.0925082669863527,1.7375882358822587,0.5175426403869435,0.506974716652136,0.4244896579354136,0.6759613451131273,1
"frozenset({'設備保護計劃_No', '網路服務_Yes'})",frozenset({'線上安全服務_No'}),0.4510078387458007,0.5167973124300111,0.3255879059350504,0.7219118559900682,1.3968955306590054,1.0,0.0925082669863527,1.7375882358822587,0.5175426403869435,0.506974716652136,0.4244896579354136,0.6759613451131273,2
frozenset({'音樂節目_No'}),"frozenset({'技術支援計劃_No', '網路服務_Yes'})",0.4437290033594624,0.5120380739081747,0.3157894736842105,0.7116719242902209,1.389880871276473,1.0,0.0885833294668373,1.6923843607342302,0.5042755749249554,0.4934383202099737,0.4091176784650998,0.6642011890450558,1
"frozenset({'音樂節目_No', '網路服務_Yes'})",frozenset({'技術支援計劃_No'}),0.4437290033594624,0.5120380739081747,0.3157894736842105,0.7116719242902209,1.389880871276473,1.0,0.0885833294668373,1.6923843607342302,0.5042755749249554,0.4934383202099737,0.4091176784650998,0.6642011890450558,2
"frozenset({'支付帳單方式_Bank Withdrawal', '電話服務_Yes', '網路服務_Yes'})",frozenset({'線上安全服務_No'}),0.4468085106382978,0.5167973124300111,0.3194288913773796,0.7149122807017544,1.383351390393644,1.0,0.0885194539086512,1.6949263502454994,0.5009438414346391,0.49587136027814,0.4100038624951719,0.6665027275664785,3
frozenset({'設備保護計劃_No'}),frozenset({'合約類型_Month-to-Month'}),0.4510078387458007,0.5215565509518477,0.3247480403135498,0.7200496585971445,1.3805783040842727,1.0,0.0895219474850428,1.7090297038061486,0.5021307742355235,0.5012964563526361,0.4148726626734934,0.6713506478707676,1
frozenset({'技術支援計劃_No'}),frozenset({'合約類型_Month-to-Month'}),0.5120380739081747,0.5215565509518477,0.3656215005599104,0.7140513942044834,1.3690776060646348,1.0,0.0985646887763355,1.6731798629236534,0.5524636283045111,0.5473595976529758,0.4023356232290314,0.7075356273223168,1
frozenset({'合約類型_Month-to-Month'}),frozenset({'技術支援計劃_No'}),0.5215565509518477,0.5120380739081747,0.3656215005599104,0.7010198604401503,1.3690776060646348,1.0,0.0985646887763355,1.6320880939121554,0.5634547127763386,0.5473595976529758,0.3872879756122874,0.7075356273223168,1
frozenset({'合約類型_Month-to-Month'}),"frozenset({'技術支援計劃_No', '網路服務_Yes'})",0.5215565509518477,0.5120380739081747,0.3656215005599104,0.7010198604401503,1.3690776060646348,1.0,0.0985646887763355,1.6320880939121554,0.5634547127763386,0.5473595976529758,0.3872879756122874,0.7075356273223168,1
"frozenset({'支付帳單方式_Bank Withdrawal', '網路服務_Yes'})",frozenset({'線上安全服務_No'}),0.4997200447928331,0.5167973124300111,0.3524636058230683,0.7053221288515406,1.364794498514465,1.0,0.0942096297067273,1.6397657743582317,0.5342787664684445,0.5307757166947724,0.3901568043208012,0.6936686483911008,2
"frozenset({'支付帳單方式_Bank Withdrawal', '無限資料下載_Yes'})",frozenset({'線上安全服務_No'}),0.4272116461366181,0.5167973124300111,0.3006718924972004,0.7038007863695936,1.36185070905319,1.0,0.0798900619349952,1.631343586796024,0.4638801057975685,0.4673629242819843,0.387008348153064,0.6427996347882639,2
"frozenset({'支付帳單方式_Bank Withdrawal', '無限資料下載_Yes'})","frozenset({'線上安全服務_No', '網路服務_Yes'})",0.4272116461366181,0.5167973124300111,0.3006718924972004,0.7038007863695936,1.36185070905319,1.0,0.0798900619349952,1.631343586796024,0.4638801057975685,0.4673629242819843,0.387008348153064,0.6427996347882639,2
frozenset({'線上備份服務_No'}),frozenset({'合約類型_Month-to-Month'}),0.4454087346024636,0.5215565509518477,0.3124300111982083,0.7014456316781899,1.3449081032498629,1.0,0.0801241678151204,1.602533741969706,0.4624212274673918,0.4773310521813516,0.37598817808923,0.6502397240516553,1
"frozenset({'線上安全服務_No', '電話服務_Yes'})","frozenset({'無紙化計費_Yes', '網路服務_Yes'})",0.4608062709966405,0.5431131019036954,0.3362262038073908,0.7296476306196842,1.3434542972028412,1.0,0.0859562805897304,1.689968166891051,0.4741341370941313,0.5035639412997904,0.4082728778023969,0.6743598977840689,2
"frozenset({'支付帳單方式_Bank Withdrawal', '無限資料下載_Yes'})","frozenset({'無紙化計費_Yes', '網路服務_Yes'})",0.4272116461366181,0.5431131019036954,0.3099104143337066,0.7254259501965923,1.3356811825269217,1.0,0.077886172031064,1.6639842637111228,0.4387630125893959,0.4692666384061041,0.399032778248914,0.6480222534488116,2
frozenset({'線上安全服務_No'}),"frozenset({'無紙化計費_Yes', '網路服務_Yes'})",0.5167973124300111,0.5431131019036954,0.3729003359462486,0.7215601300108343,1.328563290927165,1.0,0.092220944536892,1.64088173907739,0.5118084480772779,0.5427872860635697,0.3905715590678309,0.7040790340775821,1
"frozenset({'技術支援計劃_No', '電話服務_Yes'})","frozenset({'無紙化計費_Yes', '網路服務_Yes'})",0.4552071668533035,0.5431131019036954,0.3241881298992161,0.7121771217712177,1.3112869479210256,1.0,0.0769591535007254,1.58738909466793,0.4357443726735858,0.4808970099667774,0.3700347297590622,0.6545421691330315,2
frozenset({'技術支援計劃_No'}),"frozenset({'無紙化計費_Yes', '網路服務_Yes'})",0.5120380739081747,0.5431131019036954,0.3600223964165733,0.7031164570803718,1.2946041158201484,1.0,0.0819278098035109,1.538943161359376,0.466354197059288,0.517921868707209,0.3502034219920883,0.683001527509258,1
"frozenset({'支付帳單方式_Bank Withdrawal', '線上安全服務_No'})","frozenset({'電話服務_Yes', '網路服務_Yes'})",0.3524636058230683,0.7018477043673013,0.3194288913773796,0.9062748212867356,1.291269908909541,1.0,0.0720531187574377,3.1811333915387103,0.3483488706328934,0.4346666666666666,0.6856466306443374,0.6807002347359087,2
frozenset({'電影節目_Yes'}),"frozenset({'無限資料下載_Yes', '電話服務_Yes', '網路服務_Yes'})",0.3877379619260918,0.6052631578947368,0.3026315789473684,0.7805054151624549,1.2895306859205775,1.0,0.0679480756763128,1.798389889196676,0.3667123914037494,0.4383617193836172,0.4439470517448856,0.6402527075812274,1
"frozenset({'電影節目_Yes', '網路服務_Yes'})","frozenset({'無限資料下載_Yes', '電話服務_Yes'})",0.3877379619260918,0.6052631578947368,0.3026315789473684,0.7805054151624549,1.2895306859205775,1.0,0.0679480756763128,1.798389889196676,0.3667123914037494,0.4383617193836172,0.4439470517448856,0.6402527075812274,2
frozenset({'網路連線類型_Fiber Optic'}),frozenset({'無紙化計費_Yes'}),0.4400895856662934,0.6044232922732363,0.3429451287793953,0.7792620865139949,1.289265480791102,1.0,0.0769447325158098,1.7920650851483353,0.4007151020408164,0.4888268156424581,0.4419845527445078,0.6733271988846028,1
frozenset({'電視節目_Yes'}),"frozenset({'無限資料下載_Yes', '電話服務_Yes', '網路服務_Yes'})",0.387458006718925,0.6052631578947368,0.301511758118701,0.778179190751445,1.2856873586328224,1.0,0.0669977014204043,1.7795302588719353,0.3627603251635068,0.4362089914945322,0.4380539499036607,0.638164525995519,1
"frozenset({'電視節目_Yes', '網路服務_Yes'})","frozenset({'無限資料下載_Yes', '電話服務_Yes'})",0.387458006718925,0.6052631578947368,0.301511758118701,0.778179190751445,1.2856873586328224,1.0,0.0669977014204043,1.7795302588719353,0.3627603251635068,0.4362089914945322,0.4380539499036607,0.638164525995519,2
"frozenset({'無限資料下載_Yes', '電影節目_Yes'})","frozenset({'電話服務_Yes', '網路服務_Yes'})",0.3353863381858902,0.7018477043673013,0.3026315789473684,0.9023372287145242,1.2856595855477784,1.0,0.0672414474154459,3.0528756424613066,0.3343132158669271,0.4119664634146341,0.6724399821298406,0.6667649446324915,2
"frozenset({'無紙化計費_Yes', '無限資料下載_Yes'})","frozenset({'電話服務_Yes', '網路服務_Yes'})",0.4661254199328107,0.7018477043673013,0.4204927211646136,0.902102102102102,1.285324574674395,1.0,0.0933436652375261,3.0455433879045595,0.415802527236888,0.5625468164794009,0.6716513696795385,0.750612279611083,2
"frozenset({'線上安全服務_No', '無紙化計費_Yes'})","frozenset({'電話服務_Yes', '網路服務_Yes'})",0.3729003359462486,0.7018477043673013,0.3362262038073908,0.9016516516516516,1.2846827681291182,1.0,0.0745069590657208,3.0315943342195006,0.3533692161294159,0.4552691432903715,0.6701405630983094,0.6903551437356782,2
"frozenset({'電視節目_Yes', '無限資料下載_Yes'})","frozenset({'電話服務_Yes', '網路服務_Yes'})",0.3348264277715566,0.7018477043673013,0.301511758118701,0.9005016722408026,1.2830442653546656,1.0,0.06651459842573,2.9965558451824146,0.3316482685099211,0.4101294744859102,0.6662835429522505,0.6650494001411432,2
"frozenset({'無紙化計費_Yes', '技術支援計劃_No'})","frozenset({'電話服務_Yes', '網路服務_Yes'})",0.3600223964165733,0.7018477043673013,0.3241881298992161,0.9004665629860031,1.2829942413187088,1.0,0.0715072374534296,2.995498845184771,0.3446578029214397,0.4394686907020873,0.6661657868413176,0.6811866121671141,2
"frozenset({'支付帳單方式_Bank Withdrawal', '技術支援計劃_No'})","frozenset({'電話服務_Yes', '網路服務_Yes'})",0.3468645016797312,0.7018477043673013,0.3115901455767077,0.8983050847457626,1.2799145443605362,1.0,0.0681440913462804,2.931830907054869,0.3348429829598296,0.4227117356627421,0.6589162091191213,0.6711310026840102,2
"frozenset({'無紙化計費_Yes', '網路服務_Yes'})","frozenset({'無限資料下載_Yes', '電話服務_Yes'})",0.5431131019036954,0.6052631578947368,0.4204927211646136,0.7742268041237114,1.2791573285522189,1.0,0.0917663700123769,1.7483777937995677,0.4776572413252918,0.5776923076923076,0.4280412371134021,0.7344769543282756,2
"frozenset({'支付帳單方式_Bank Withdrawal', '無限資料下載_Yes'})","frozenset({'電話服務_Yes', '網路服務_Yes'})",0.4272116461366181,0.7018477043673013,0.383538633818589,0.8977719528178244,1.279154932375456,1.0,0.0837011206986277,2.916541045740374,0.3810026328745424,0.514457378895982,0.65712808963875,0.7221209185708588,2
frozenset({'電視節目_Yes'}),"frozenset({'電話服務_Yes', '網路服務_Yes'})",0.387458006718925,0.7018477043673013,0.3477043673012318,0.8973988439306357,1.2786233229039612,1.0,0.0757678547468239,2.905935050391934,0.3557451418511747,0.4688561721404302,0.655876685934489,0.6964058439836665,1
"frozenset({'線上安全服務_No', '技術支援計劃_No'})","frozenset({'電話服務_Yes', '網路服務_Yes'})",0.3798992161254199,0.7018477043673013,0.3407054871220604,0.896831245394252,1.277814602532217,1.0,0.0740740943934972,2.8899476083826565,0.3506105195212293,0.4597657725727238,0.6539729657730216,0.691136005624928,2
frozenset({'網路連線類型_Fiber Optic'}),frozenset({'支付帳單方式_Bank Withdrawal'}),0.4400895856662934,0.5615901455767077,0.3157894736842105,0.7175572519083969,1.2777240796693887,1.0,0.0686394992030837,1.5522078629581428,0.3882021276595743,0.4604081632653061,0.3557563881333294,0.639935156362972,1
frozenset({'電影節目_Yes'}),"frozenset({'電話服務_Yes', '網路服務_Yes'})",0.3877379619260918,0.7018477043673013,0.3477043673012318,0.8967509025270757,1.2777001291690124,1.0,0.0755713688273481,2.8876988073516587,0.3549848430964113,0.4686792452830187,0.6537034965509054,0.6960818732818864,1
frozenset({'音樂節目_Yes'}),"frozenset({'電話服務_Yes', '網路服務_Yes'})",0.3521836506159014,0.7018477043673013,0.3146696528555431,0.8934817170111288,1.2730421592196857,1.0,0.0674903661550769,2.7990715515368283,0.3310815798620188,0.4255963650132524,0.6427386790269971,0.6709131760165337,1
"frozenset({'線上安全服務_No', '無限資料下載_Yes'})","frozenset({'電話服務_Yes', '網路服務_Yes'})",0.4414893617021276,0.7018477043673013,0.3938969764837626,0.8922003804692454,1.271216497421677,1.0,0.0840386814705391,2.765801001251565,0.382001556841642,0.5255883451624953,0.6384410882968494,0.726714470250578,2
frozenset({'多線路服務_Yes'}),"frozenset({'電話服務_Yes', '網路服務_Yes'})",0.4305711086226204,0.7018477043673013,0.3840985442329227,0.8920676202860858,1.2710273393146785,1.0,0.0819032000792526,2.762398980018617,0.374471448925124,0.5132809577254023,0.6379958118891064,0.7196676354322331,1
frozenset({'線上安全服務_No'}),"frozenset({'電話服務_Yes', '網路服務_Yes'})",0.5167973124300111,0.7018477043673013,0.4608062709966405,0.8916576381365114,1.2704431924306416,1.0,0.0980932636444462,2.751945688689811,0.4405462028105634,0.6080531954192833,0.6366207356090318,0.7741096327898352,1
"frozenset({'電影節目_Yes', '電話服務_Yes'})","frozenset({'無限資料下載_Yes', '網路服務_Yes'})",0.3477043673012318,0.6853303471444568,0.3026315789473684,0.8703703703703705,1.2700012103606877,1.0,0.0643392242011715,2.4274516077427637,0.3259245730983474,0.4143349942506708,0.5880453407143802,0.6559776688453159,2
"frozenset({'電影節目_Yes', '電話服務_Yes', '網路服務_Yes'})",frozenset({'無限資料下載_Yes'}),0.3477043673012318,0.6853303471444568,0.3026315789473684,0.8703703703703705,1.2700012103606877,1.0,0.0643392242011715,2.4274516077427637,0.3259245730983474,0.4143349942506708,0.5880453407143802,0.6559776688453159,3
"frozenset({'支付帳單方式_Bank Withdrawal', '網路服務_Yes'})","frozenset({'無限資料下載_Yes', '電話服務_Yes'})",0.4997200447928331,0.6052631578947368,0.383538633818589,0.7675070028011205,1.2680550481061992,1.0,0.0810765014439794,1.6978440076093853,0.4225448188253362,0.5316259216142801,0.4110177404295053,0.7005897641202643,2
frozenset({'技術支援計劃_No'}),"frozenset({'電話服務_Yes', '網路服務_Yes'})",0.5120380739081747,0.7018477043673013,0.4552071668533035,0.8890103881902679,1.26667136283033,1.0,0.0958344201321965,2.6863081217350047,0.4314460442366903,0.6000000000000001,0.627741884146138,0.7687971765442763,1
"frozenset({'線上備份服務_No', '電話服務_Yes'})","frozenset({'無限資料下載_Yes', '網路服務_Yes'})",0.3919372900335946,0.6853303471444568,0.3401455767077267,0.8678571428571429,1.2663340336134454,1.0,0.0715390576701456,2.381283859447354,0.3458836368596958,0.4614508165590582,0.5800584646670057,0.6820903361344538,2
"frozenset({'線上備份服務_No', '電話服務_Yes', '網路服務_Yes'})",frozenset({'無限資料下載_Yes'}),0.3919372900335946,0.6853303471444568,0.3401455767077267,0.8678571428571429,1.2663340336134454,1.0,0.0715390576701456,2.381283859447354,0.3458836368596958,0.4614508165590582,0.5800584646670057,0.6820903361344538,3
"frozenset({'婚姻_Yes', '網路服務_Yes'})",frozenset({'無限資料下載_Yes'}),0.3871780515117581,0.6853303471444568,0.335946248600224,0.8676789587852496,1.2660740362667122,1.0,0.0706013801509564,2.3780772125640253,0.3429328460484241,0.4561003420752567,0.5794922071004551,0.6789375186083111,2
"frozenset({'合約類型_Month-to-Month', '無限資料下載_Yes'})","frozenset({'電話服務_Yes', '網路服務_Yes'})",0.3868980963045912,0.7018477043673013,0.3437849944008959,0.8885672937771346,1.266040037244485,1.0,0.0722414536854394,2.67562644522331,0.3427416596016836,0.4614806463735438,0.6262557496449999,0.6891978870162099,2
"frozenset({'性別_Male', '網路服務_Yes'})","frozenset({'無限資料下載_Yes', '電話服務_Yes'})",0.3936170212765957,0.6052631578947368,0.301511758118701,0.7660028449502133,1.2655699177438309,1.0,0.0632698768197088,1.68693009118541,0.3460554822525208,0.4323564833400241,0.407207207207207,0.6320763530949032,2
"frozenset({'電視節目_Yes', '電話服務_Yes'})","frozenset({'無限資料下載_Yes', '網路服務_Yes'})",0.3477043673012318,0.6853303471444568,0.301511758118701,0.8671497584541064,1.265301853430583,1.0,0.0632194033725041,2.368604296039908,0.3214412949657491,0.4121699196326062,0.5778104423470356,0.6535503694231316,2
"frozenset({'電視節目_Yes', '電話服務_Yes', '網路服務_Yes'})",frozenset({'無限資料下載_Yes'}),0.3477043673012318,0.6853303471444568,0.301511758118701,0.8671497584541064,1.265301853430583,1.0,0.0632194033725041,2.368604296039908,0.3214412949657491,0.4121699196326062,0.5778104423470356,0.6535503694231316,3
frozenset({'技術支援計劃_No'}),"frozenset({'無限資料下載_Yes', '電話服務_Yes', '網路服務_Yes'})",0.5120380739081747,0.6052631578947368,0.3919372900335946,0.7654455986878076,1.264649250005943,1.0,0.0820195084575941,1.682922340817078,0.4288591099090238,0.5403319181783096,0.4057955166757792,0.7064970824151342,1
"frozenset({'技術支援計劃_No', '網路服務_Yes'})","frozenset({'無限資料下載_Yes', '電話服務_Yes'})",0.5120380739081747,0.6052631578947368,0.3919372900335946,0.7654455986878076,1.264649250005943,1.0,0.0820195084575941,1.682922340817078,0.4288591099090238,0.5403319181783096,0.4057955166757792,0.7064970824151342,2
"frozenset({'優惠方式_無優惠', '電話服務_Yes', '網路服務_Yes'})",frozenset({'無限資料下載_Yes'}),0.3787793952967525,0.6853303471444568,0.3281075027995521,0.8662232076866223,1.263949876575415,1.0,0.0685184883296612,2.3521991177544197,0.3361597866394327,0.4457968809433245,0.5748659233599778,0.6724906888106315,3
"frozenset({'性別_Male', '電話服務_Yes', '網路服務_Yes'})",frozenset({'無限資料下載_Yes'}),0.3482642777155655,0.6853303471444568,0.301511758118701,0.8657556270096464,1.263267606077801,1.0,0.0628356797738789,2.344006276361053,0.319764714891499,0.4118546845124283,0.5733799819203353,0.6528533037009017,3
frozenset({'線上備份服務_No'}),"frozenset({'無限資料下載_Yes', '網路服務_Yes'})",0.4454087346024636,0.6853303471444568,0.385498320268757,0.8654934003771213,1.2628849780012572,1.0,0.0802461975624774,2.3394365312764918,0.3753435414212802,0.5172802404207363,0.5725466424796062,0.7139967001885608,1
"frozenset({'線上備份服務_No', '網路服務_Yes'})",frozenset({'無限資料下載_Yes'}),0.4454087346024636,0.6853303471444568,0.385498320268757,0.8654934003771213,1.2628849780012572,1.0,0.0802461975624774,2.3394365312764918,0.3753435414212802,0.5172802404207363,0.5725466424796062,0.7139967001885608,2
frozenset({'電影節目_Yes'}),"frozenset({'無限資料下載_Yes', '網路服務_Yes'})",0.3877379619260918,0.6853303471444568,0.3353863381858902,0.8649819494584837,1.2621386942261863,1.0,0.0696577461379975,2.3305747016306264,0.3392241145698554,0.4546489563567363,0.5709212842221565,0.677180517212902,1
"frozenset({'電影節目_Yes', '網路服務_Yes'})",frozenset({'無限資料下載_Yes'}),0.3877379619260918,0.6853303471444568,0.3353863381858902,0.8649819494584837,1.2621386942261863,1.0,0.0696577461379975,2.3305747016306264,0.3392241145698554,0.4546489563567363,0.5709212842221565,0.677180517212902,2
frozenset({'音樂節目_Yes'}),"frozenset({'無限資料下載_Yes', '網路服務_Yes'})",0.3521836506159014,0.6853303471444568,0.3045912653975364,0.8648648648648649,1.2619678502031444,1.0,0.0632291218623385,2.3285554311310204,0.3204407951598963,0.4155844155844156,0.5705491968837166,0.6546546546546547,1
"frozenset({'音樂節目_Yes', '網路服務_Yes'})",frozenset({'無限資料下載_Yes'}),0.3521836506159014,0.6853303471444568,0.3045912653975364,0.8648648648648649,1.2619678502031444,1.0,0.0632291218623385,2.3285554311310204,0.3204407951598963,0.4155844155844156,0.5705491968837166,0.6546546546546547,2
"frozenset({'性別_Male', '網路服務_Yes'})",frozenset({'無限資料下載_Yes'}),0.3936170212765957,0.6853303471444568,0.3404255319148936,0.8648648648648648,1.2619678502031444,1.0,0.0706678420814371,2.328555431131018,0.3423361034164357,0.4609552691432904,0.5705491968837163,0.6807984455043279,2
"frozenset({'無限資料下載_Yes', '性別_Male'})","frozenset({'電話服務_Yes', '網路服務_Yes'})",0.3404255319148936,0.7018477043673013,0.301511758118701,0.8856907894736843,1.261941563621859,1.0,0.0625848800362154,2.6082963416500857,0.3147033276424956,0.4070294784580499,0.6166079812206575,0.6576439587575841,2
frozenset({'線上備份服務_No'}),"frozenset({'無限資料下載_Yes', '電話服務_Yes', '網路服務_Yes'})",0.4454087346024636,0.6052631578947368,0.3401455767077267,0.7636706473915776,1.2617167217773892,1.0,0.0705560794483409,1.6702827547592387,0.3740215171703197,0.4787234042553192,0.4012989733919967,0.6628251479326066,1
"frozenset({'線上備份服務_No', '網路服務_Yes'})","frozenset({'無限資料下載_Yes', '電話服務_Yes'})",0.4454087346024636,0.6052631578947368,0.3401455767077267,0.7636706473915776,1.2617167217773892,1.0,0.0705560794483409,1.6702827547592387,0.3740215171703197,0.4787234042553192,0.4012989733919967,0.6628251479326066,2
"frozenset({'客戶狀態_Stayed', '網路服務_Yes'})",frozenset({'無限資料下載_Yes'}),0.4935610302351624,0.6853303471444568,0.4266517357222844,0.864435621100397,1.2613415190239454,1.0,0.0883993835342448,2.3211824183444443,0.409118014477046,0.5671752884257536,0.5691850876962794,0.74349232035412,2
frozenset({'多線路服務_Yes'}),"frozenset({'無限資料下載_Yes', '電話服務_Yes', '網路服務_Yes'})",0.4305711086226204,0.6052631578947368,0.3286674132138857,0.7633289986996098,1.2611522587210944,1.0,0.0680585843107208,1.6678716020821278,0.3636526577986831,0.4647664291369754,0.4004334633723448,0.6531723624395367,1
frozenset({'電視節目_Yes'}),"frozenset({'無限資料下載_Yes', '網路服務_Yes'})",0.387458006718925,0.6853303471444568,0.3348264277715566,0.8641618497109826,1.2609420454116136,1.0,0.0692896975229764,2.316504252936552,0.3378415559482249,0.4537177541729895,0.568315059757678,0.6763619706071253,1
"frozenset({'電視節目_Yes', '網路服務_Yes'})",frozenset({'無限資料下載_Yes'}),0.387458006718925,0.6853303471444568,0.3348264277715566,0.8641618497109826,1.2609420454116136,1.0,0.0692896975229764,2.316504252936552,0.3378415559482249,0.4537177541729895,0.568315059757678,0.6763619706071253,2
frozenset({'線上備份服務_Yes'}),"frozenset({'電話服務_Yes', '網路服務_Yes'})",0.3505039193729003,0.7018477043673013,0.3099104143337066,0.884185303514377,1.259796531373496,1.0,0.0639100431500948,2.574390856083715,0.3175092670466934,0.4174208144796379,0.6115585954491591,0.6628744626865861,1
frozenset({'線上安全服務_No'}),"frozenset({'無限資料下載_Yes', '電話服務_Yes', '網路服務_Yes'})",0.5167973124300111,0.6052631578947368,0.3938969764837626,0.7621885157096425,1.2592679824768007,1.0,0.0810986031708611,1.6598729169164372,0.4260900430804099,0.5409457900807383,0.397544239797761,0.7064874123414078,1
"frozenset({'線上安全服務_No', '網路服務_Yes'})","frozenset({'無限資料下載_Yes', '電話服務_Yes'})",0.5167973124300111,0.6052631578947368,0.3938969764837626,0.7621885157096425,1.2592679824768007,1.0,0.0810986031708611,1.6598729169164372,0.4260900430804099,0.5409457900807383,0.397544239797761,0.7064874123414078,2
"frozenset({'無限資料下載_Yes', '設備保護計劃_No'})","frozenset({'電話服務_Yes', '網路服務_Yes'})",0.3877379619260918,0.7018477043673013,0.3426651735722284,0.883754512635379,1.25918273599265,1.0,0.0705321750983448,2.564850493486257,0.3361862730155313,0.4587706146926535,0.6101137268859846,0.6859937301908446,2
frozenset({'無限資料下載_Yes'}),"frozenset({'電話服務_Yes', '網路服務_Yes'})",0.6853303471444568,0.7018477043673013,0.6052631578947368,0.883169934640523,1.258349823109672,1.0,0.1242656270181541,2.552016852128836,0.6524570303626863,0.7740780522735411,0.6081530577802329,0.8727776278707202,1
"frozenset({'電話服務_Yes', '網路服務_Yes'})",frozenset({'無限資料下載_Yes'}),0.7018477043673013,0.6853303471444568,0.6052631578947368,0.8623853211009174,1.258349823109672,1.0,0.1242656270181541,2.286599477416946,0.68860253720907,0.7740780522735411,0.5626693656338763,0.8727776278707202,2
"frozenset({'優惠方式_無優惠', '網路服務_Yes'})",frozenset({'無限資料下載_Yes'}),0.4311310190369541,0.6853303471444568,0.3717805151175812,0.8623376623376623,1.2582802818096936,1.0,0.076313344176242,2.285807855648756,0.3608291433450339,0.499248120300752,0.5625179091371262,0.7024106612341907,2
frozenset({'設備保護計劃_No'}),"frozenset({'電話服務_Yes', '網路服務_Yes'})",0.4510078387458007,0.7018477043673013,0.3980963045912654,0.88268156424581,1.2576539878284936,1.0,0.0815574883158671,2.541393377059669,0.3731724320451331,0.5274480712166171,0.6065150680620032,0.7249466855931882,1
"frozenset({'優惠方式_無優惠', '網路服務_Yes'})","frozenset({'無限資料下載_Yes', '電話服務_Yes'})",0.4311310190369541,0.6052631578947368,0.3281075027995521,0.7610389610389611,1.2573687182382836,1.0,0.0671597807508693,1.6518878718535472,0.3598163177555023,0.4632411067193677,0.3946320346320347,0.6515648089191105,2
frozenset({'技術支援計劃_No'}),"frozenset({'無限資料下載_Yes', '網路服務_Yes'})",0.5120380739081747,0.6853303471444568,0.4409294512877939,0.8611262985237834,1.2565127199048016,1.0,0.0900142203451255,2.265869271940111,0.4183657077288746,0.5829015544041452,0.5586682725328777,0.75225432573248,1
"frozenset({'技術支援計劃_No', '網路服務_Yes'})",frozenset({'無限資料下載_Yes'}),0.5120380739081747,0.6853303471444568,0.4409294512877939,0.8611262985237834,1.2565127199048016,1.0,0.0900142203451255,2.265869271940111,0.4183657077288746,0.5829015544041452,0.5586682725328777,0.75225432573248,2
frozenset({'設備保護計劃_Yes'}),frozenset({'網路服務_Yes'}),0.3449048152295633,0.7959126539753639,0.3449048152295633,1.0,1.256419275413296,1.0,0.070390708371319,inf,0.3115384615384616,0.4333450580372846,1.0,0.7166725290186423,1
frozenset({'無限資料下載_Yes'}),frozenset({'網路服務_Yes'}),0.6853303471444568,0.7959126539753639,0.6853303471444568,1.0,1.256419275413296,1.0,0.1398672516988547,inf,0.648576512455516,0.861062258177981,1.0,0.9305311290889904,1
frozenset({'線上安全服務_No'}),frozenset({'網路服務_Yes'}),0.5167973124300111,0.7959126539753639,0.5167973124300111,1.0,1.256419275413296,1.0,0.1054717919265056,inf,0.4223638470451911,0.6493141048188532,1.0,0.8246570524094267,1
frozenset({'技術支援計劃_No'}),frozenset({'網路服務_Yes'}),0.5120380739081747,0.7959126539753639,0.5120380739081747,1.0,1.256419275413296,1.0,0.1045004915674858,inf,0.4182444061962134,0.6433345058037284,1.0,0.8216672529018643,1
frozenset({'設備保護計劃_No'}),frozenset({'網路服務_Yes'}),0.4510078387458007,0.7959126539753639,0.4510078387458007,1.0,1.256419275413296,1.0,0.0920449928459374,inf,0.3717491075981642,0.5666549419627156,1.0,0.7833274709813578,1
frozenset({'音樂節目_Yes'}),frozenset({'網路服務_Yes'}),0.3521836506159014,0.7959126539753639,0.3521836506159014,1.0,1.256419275413296,1.0,0.071876226567467,inf,0.3150388936905791,0.4424903271192403,1.0,0.7212451635596201,1
frozenset({'線上備份服務_Yes'}),frozenset({'網路服務_Yes'}),0.3505039193729003,0.7959126539753639,0.3505039193729003,1.0,1.256419275413296,1.0,0.0715334146760482,inf,0.3142241379310344,0.4403798804080196,1.0,0.7201899402040098,1
frozenset({'線上備份服務_No'}),frozenset({'網路服務_Yes'}),0.4454087346024636,0.7959126539753639,0.4454087346024636,1.0,1.256419275413296,1.0,0.0909022865412083,inf,0.3679959616355376,0.5596201195919802,1.0,0.7798100597959902,1
frozenset({'音樂節目_No'}),frozenset({'網路服務_Yes'}),0.4437290033594624,0.7959126539753639,0.4437290033594624,1.0,1.256419275413296,1.0,0.0905594746497895,inf,0.3668847508807248,0.5575096728807598,1.0,0.7787548364403798,1
frozenset({'網路連線類型_Fiber Optic'}),frozenset({'網路服務_Yes'}),0.4400895856662934,0.7959126539753639,0.4400895856662934,1.0,1.256419275413296,1.0,0.0898167155517155,inf,0.3645000000000001,0.552937038339782,1.0,0.776468519169891,1
frozenset({'電視節目_No'}),frozenset({'網路服務_Yes'}),0.408454647256439,0.7959126539753639,0.408454647256439,1.0,1.256419275413296,1.0,0.0833604249299955,inf,0.3450070989115002,0.5131902919451283,1.0,0.7565951459725642,1
frozenset({'電影節目_No'}),frozenset({'網路服務_Yes'}),0.4081746920492721,0.7959126539753639,0.4081746920492721,1.0,1.256419275413296,1.0,0.083303289614759,inf,0.3448438978240304,0.5128385508265917,1.0,0.7564192754132958,1
frozenset({'電影節目_Yes'}),frozenset({'網路服務_Yes'}),0.3877379619260918,0.7959126539753639,0.3877379619260918,1.0,1.256419275413296,1.0,0.0791324116024974,inf,0.3333333333333333,0.4871614491734085,1.0,0.7435807245867042,1
frozenset({'電視節目_Yes'}),frozenset({'網路服務_Yes'}),0.387458006718925,0.7959126539753639,0.387458006718925,1.0,1.256419275413296,1.0,0.079075276287261,inf,0.3331809872029251,0.4868097080548717,1.0,0.7434048540274358,1
frozenset({'網路服務_Yes'}),frozenset({'無限資料下載_Yes'}),0.7959126539753639,0.6853303471444568,0.6853303471444568,0.861062258177981,1.256419275413296,1.0,0.1398672516988547,2.2648248685273646,1.0,0.861062258177981,0.558464756416146,0.9305311290889904,1
frozenset({'網路服務_Yes'}),"frozenset({'無限資料下載_Yes', '電話服務_Yes'})",0.7959126539753639,0.6052631578947368,0.6052631578947368,0.7604642982764686,1.256419275413296,1.0,0.1235265515412271,1.647924878274983,1.0000000000000002,0.7604642982764686,0.393176222300387,0.8802321491382343,1
"frozenset({'設備保護計劃_No', '電話服務_Yes'})","frozenset({'無限資料下載_Yes', '網路服務_Yes'})",0.3980963045912654,0.6853303471444568,0.3426651735722284,0.860759493670886,1.2559774964838255,1.0,0.0698376949497711,2.259900234144354,0.3386046511627908,0.4625850340136053,0.5575025902067658,0.680379746835443,2
frozenset({'設備保護計劃_No'}),"frozenset({'無限資料下載_Yes', '電話服務_Yes', '網路服務_Yes'})",0.4510078387458007,0.6052631578947368,0.3426651735722284,0.759776536312849,1.25528297303862,1.0,0.0696867448576648,1.6432068543451643,0.3704367519572846,0.4801883091408395,0.3914338919925508,0.6629594984987002,1
frozenset({'設備保護計劃_Yes'}),"frozenset({'電話服務_Yes', '網路服務_Yes'})",0.3449048152295633,0.7018477043673013,0.3037513997760358,0.8806818181818181,1.2548047285781627,1.0,0.0616807469819386,2.4988001919692837,0.3099751861042182,0.408816880180859,0.5998079385403327,0.6567350056206258,1
frozenset({'設備保護計劃_No'}),"frozenset({'無限資料下載_Yes', '網路服務_Yes'})",0.4510078387458007,0.6853303471444568,0.3877379619260918,0.8597144630664183,1.2544526397358031,1.0,0.078648603233561,2.2430655342932733,0.3694762673578832,0.517950635751683,0.5541815498872298,0.7127412184613138,1
frozenset({'線上備份服務_No'}),"frozenset({'電話服務_Yes', '網路服務_Yes'})",0.4454087346024636,0.7018477043673013,0.3919372900335946,0.8799497171590195,1.2537616233314788,1.0,0.0793281921477109,2.483561792416878,0.3649538472632867,0.5189028910303929,0.597352478584054,0.719193047650112,1
frozenset({'網路連線類型_Fiber Optic'}),frozenset({'無限資料下載_Yes'}),0.4400895856662934,0.6853303471444568,0.3779395296752519,0.8587786259541984,1.2530871127076784,1.0,0.0763327811559109,2.228201325625737,0.36072,0.5056179775280898,0.5512075194914562,0.7051246070947463,1
frozenset({'網路連線類型_Fiber Optic'}),"frozenset({'無限資料下載_Yes', '網路服務_Yes'})",0.4400895856662934,0.6853303471444568,0.3779395296752519,0.8587786259541984,1.2530871127076784,1.0,0.0763327811559109,2.228201325625737,0.36072,0.5056179775280898,0.5512075194914562,0.7051246070947463,1
frozenset({'電視節目_No'}),"frozenset({'無限資料下載_Yes', '網路服務_Yes'})",0.408454647256439,0.6853303471444568,0.3505039193729003,0.8581220013708019,1.2521289987322322,1.0,0.0705775541758783,2.2178890024939,0.3403969644782261,0.4715630885122411,0.5491208086267831,0.684779954933767,1
frozenset({'音樂節目_No'}),"frozenset({'無限資料下載_Yes', '網路服務_Yes'})",0.4437290033594624,0.6853303471444568,0.3807390817469205,0.858044164037855,1.2520154223624258,1.0,0.0766381298365162,2.2166728878934947,0.3618520382486162,0.5087916199027311,0.5488734465686994,0.7067998597967053,1
frozenset({'電影節目_No'}),"frozenset({'無限資料下載_Yes', '網路服務_Yes'})",0.4081746920492721,0.6853303471444568,0.3499440089585666,0.8573388203017833,1.2509862198194324,1.0,0.0702095055608572,2.2057132397277988,0.3390032166508991,0.470632530120482,0.5466319093576246,0.6839798676672315,1
"frozenset({'合約類型_Month-to-Month', '技術支援計劃_No'})",frozenset({'無限資料下載_Yes'}),0.3656215005599104,0.6853303471444568,0.3132698768197088,0.8568147013782542,1.250221451520884,1.0,0.0626983669175082,2.1976393937397827,0.3154925711473255,0.4246679316888045,0.5449662929921033,0.6569612722577546,2
"frozenset({'線上安全服務_No', '電話服務_Yes'})","frozenset({'無限資料下載_Yes', '網路服務_Yes'})",0.4608062709966405,0.6853303471444568,0.3938969764837626,0.8547995139732686,1.2472809901603414,1.0,0.0780924548152923,2.16713911548211,0.3676898108478526,0.5236323036844065,0.5385621565057966,0.7147772079670265,2
frozenset({'線上安全服務_No'}),"frozenset({'無限資料下載_Yes', '網路服務_Yes'})",0.5167973124300111,0.6853303471444568,0.4414893617021276,0.8542795232936079,1.2465222455901828,1.0,0.0873124801711457,2.1594058705254016,0.4092858596672475,0.5804195804195805,0.5369096594348465,0.7492394348494184,1
"frozenset({'支付帳單方式_Bank Withdrawal', '線上安全服務_No'})",frozenset({'無限資料下載_Yes'}),0.3524636058230683,0.6853303471444568,0.3006718924972004,0.8530579825258142,1.2447398339796605,1.0,0.05911788716269,2.141454556460157,0.3036420330075093,0.4078997341435625,0.5330276811229613,0.6458917363609463,2
frozenset({'音樂節目_No'}),"frozenset({'電話服務_Yes', '網路服務_Yes'})",0.4437290033594624,0.7018477043673013,0.3871780515117581,0.8725552050473186,1.2432258446067102,1.0,0.0757478691427288,2.339462319692216,0.3517007330002208,0.5105204872646733,0.5725513543934481,0.71210528501269,1
"frozenset({'合約類型_Month-to-Month', '線上安全服務_No'})",frozenset({'無限資料下載_Yes'}),0.3608622620380739,0.6853303471444568,0.3071108622620381,0.8510473235065943,1.2418059802146877,1.0,0.0598010029481509,2.112547825681225,0.30466237910025,0.4155303030303031,0.5266379355565435,0.649584119269637,2
frozenset({'電影節目_No'}),"frozenset({'電話服務_Yes', '網路服務_Yes'})",0.4081746920492721,0.7018477043673013,0.3541433370660694,0.8676268861454047,1.236203923937529,1.0,0.0676668664704576,2.2523629379920984,0.3228519824546314,0.4685185185185184,0.5560218190717237,0.6861070210543537,1
frozenset({'電視節目_No'}),"frozenset({'電話服務_Yes', '網路服務_Yes'})",0.408454647256439,0.7018477043673013,0.3541433370660694,0.8670322138450993,1.2353566285818487,1.0,0.0674703805509819,2.242289687258285,0.3220668588392203,0.4683450573861532,0.5540272937602767,0.685809684904201,1
frozenset({'音樂節目_No'}),"frozenset({'無限資料下載_Yes', '電話服務_Yes', '網路服務_Yes'})",0.4437290033594624,0.6052631578947368,0.3311870100783874,0.7463722397476341,1.2331367439308738,1.0,0.0626141922555549,1.5563629222309507,0.3398701874951344,0.4613884555382216,0.3574763406940064,0.6467753890690067,1
frozenset({'電視節目_No'}),"frozenset({'無限資料下載_Yes', '電話服務_Yes', '網路服務_Yes'})",0.408454647256439,0.6052631578947368,0.3037513997760358,0.7436600411240575,1.228655720118008,1.0,0.0565288501208227,1.53989586265128,0.3146036931787202,0.4278391167192429,0.350605437514279,0.6227550899422323,1
frozenset({'電影節目_No'}),"frozenset({'無限資料下載_Yes', '電話服務_Yes', '網路服務_Yes'})",0.4081746920492721,0.6052631578947368,0.3026315789473684,0.7414266117969822,1.224965706447188,1.0,0.0555784758649142,1.526595002094095,0.3103122043519396,0.4257581725088618,0.3449474165523549,0.620713305898491,1
"frozenset({'支付帳單方式_Bank Withdrawal', '電話服務_Yes', '網路服務_Yes'})",frozenset({'無紙化計費_Yes'}),0.4468085106382978,0.6044232922732363,0.3275475923852183,0.7330827067669173,1.2128630979951036,1.0,0.057486121369517,1.4820197782439315,0.3172583826429979,0.4526112185686653,0.3252451723789303,0.6375001305951307,3
"frozenset({'線上安全服務_No', '電話服務_Yes', '網路服務_Yes'})",frozenset({'無紙化計費_Yes'}),0.4608062709966405,0.6044232922732363,0.3362262038073908,0.7296476306196842,1.2071798687232569,1.0,0.0577041603914482,1.4631893503780973,0.3182956743385357,0.4612135176651305,0.3165614554660381,0.6429618421741311,3
"frozenset({'支付帳單方式_Bank Withdrawal', '網路服務_Yes'})",frozenset({'無紙化計費_Yes'}),0.4997200447928331,0.6044232922732363,0.364501679731243,0.7294117647058823,1.2067896357246,1.0,0.0624592450426296,1.4619139198597786,0.3425185479358085,0.4928084784254353,0.3159651971191872,0.666234367762853,2
"frozenset({'支付帳單方式_Bank Withdrawal', '無紙化計費_Yes'})","frozenset({'電話服務_Yes', '網路服務_Yes'})",0.387458006718925,0.7018477043673013,0.3275475923852183,0.8453757225433525,1.2045002317211229,1.0,0.0556110798308104,1.928237276428293,0.2771730808293879,0.4299889746416758,0.4813916252815539,0.656034490709251,2
"frozenset({'支付帳單方式_Bank Withdrawal', '無限資料下載_Yes'})",frozenset({'無紙化計費_Yes'}),0.4272116461366181,0.6044232922732363,0.3099104143337066,0.7254259501965923,1.2001952265410964,1.0,0.051693744678343,1.4406922577351815,0.2912109114574364,0.4294026377036462,0.305889238571994,0.6190816643062628,2
